v 25.8158 -0.13335 -0.00428593
v 24.1204 4.82474 0.751529
v 20.204 7.32086 1.91223
v 15.8411 6.84558 1.3424
v 24.519 -4.08549 -2.39398
v 24.5399 -3.9877 2.80013
v 20.549 -5.25224 11.9263
v 15.2411 -6.55743 -1.72405
v 20.8439 -7.14888 -1.2672
v 23.9358 -5.03955 -0.851327
v 20.8731 -0.0575917 -15.2084
v 19.9651 4.87363 -13.4823
v -19.3462 -7.41224 -4.34218
v 13.2104 6.62804 -8.00313
v 23.452 -3.89752 7.90726
v 25.7413 0.472653 1.88689
v 24.752 -1.20278 6.93376
v 11.3115 -6.57019 -10.3893
v -13.1615 7.30506 -11.0814
v 18.8739 -4.96473 -14.8483
v 7.99633 -0.0197226 -24.5627
v 8.25659 4.90477 -22.604
v 13.2648 7.38218 11.3907
v 6.23915 6.63952 -14.1416
v 21.8915 -4.36225 10.9194
v 22.505 -2.79086 11.5294
v -13.4524 7.07038 -9.34671
v 3.06839 -6.59299 -15.0828
v 4.97415 7.40925 16.9785
v 6.61172 -4.94385 -23.103
v -7.93458 -0.0645345 -24.5766
v -6.53581 4.88305 -23.1816
v -6.21719 7.41117 16.557
v -3.19163 6.63089 -15.1101
v -14.0356 7.1957 9.19811
v -12.9611 5.97059 -6.50575
v 19.6315 -7.25414 6.05684
v -6.49485 -6.66958 -14.0868
v -7.48226 -7.12976 -19.5636
v -8.2098 -4.97152 -22.5593
v -20.8203 0.106045 -15.2687
v -18.8574 4.93069 -14.9183
v -22.6221 -5.69737 -5.59062
v -11.6725 6.84507 -10.7633
v 24.3382 -4.51604 0.951467
v 22.5399 -5.7919 5.49488
v 2.85545 3.84056 -12.3772
v -13.5258 -6.61716 -7.43988
v 6.23149 0.6279 -9.94521
v -19.9724 -4.76911 -13.6297
v -25.8242 -0.0740658 -0.028855
v -24.1562 4.78173 -0.853009
v -19.5611 7.45208 -0.836427
v -15.5594 6.73172 -1.6475
v 19.4756 -6.87674 9.24058
v 16.5393 -7.17878 -2.55714
v 15.9082 -7.06263 3.79657
v -15.6082 -6.77581 1.96182
v -24.4511 -4.36155 -1.02547
v -24.0508 -4.90402 0.804043
v -20.9199 0.029256 15.1505
v -20.0406 4.79097 13.4997
v 17.2828 7.34484 0.578464
v -13.761 6.79644 7.71488
v 8.61501 2.39797 -8.47319
v 19.1871 -7.43796 4.30261
v 14.7231 -6.81199 5.73216
v -11.444 -6.68346 10.516
v -19.7216 -7.2202 -6.11214
v -19.1134 -4.75566 14.8306
v -8.11354 0.100821 24.5117
v -8.30771 5.04451 22.4627
v -20.6482 5.2333 11.7972
v -6.378 7.01997 14.9776
v 16.6521 -7.48147 7.49205
v -11.6891 3.57034 -4.58163
v 11.0448 -3.65464 6.06992
v -3.06774 -6.66714 15.2014
v 7.32198 6.08822 -12.6695
v -6.82494 -4.75096 23.2127
v 7.85356 0.132194 24.5917
v 6.46147 5.0396 23.0666
v 11.8416 1.90171 1.56852
v 3.93359 7.02193 15.7952
v -12.3798 6.39071 -8.57432
v 16.3976 -7.05909 -0.190009
v 14.1149 -5.77369 2.14338
v 6.41733 -6.67751 14.1429
v 13.1721 7.11958 -9.98108
v 8.12044 -4.73332 22.808
v 20.8269 0.110579 15.2588
v 18.8053 5.0647 14.802
v 8.96347 0.730707 7.58759
v 12.1943 6.89251 10.327
v -11.5881 5.37214 -7.53524
v -20.1216 7.3571 0.610327
v 10.1074 0.293608 5.91214
v 13.4533 -6.64545 7.63521
v 10.1206 5.91573 -10.2998
v 19.9575 -4.76784 13.6529
v 24.7078 3.18207 -4.65474
v 23.5361 1.56184 -10.2032
v 21.2462 6.88772 -3.44311
v 21.3954 5.95495 -8.45731
v 17.0353 7.324 -2.67423
v -17.8505 6.9562 -11.8406
v 8.43292 -1.72113 -8.39286
v 13.2642 5.48762 -4.35046
v 11.5299 1.0782 -2.43336
v 11.2463 3.35182 -5.34704
v 12.1351 -3.21564 -2.50409
v 10.6354 -0.846694 -4.96423
v 13.058 -5.39001 -4.63132
v 7.88167 3.39622 -9.66754
v -24.5364 4.25514 0.94604
v 14.949 -7.30016 -8.42505
v 22.0325 -6.15173 -5.68124
v 2.40657 4.50462 12.9092
v 24.9104 -1.93508 -5.61755
v 22.5293 -3.51419 -10.7286
v 17.1787 3.37454 -18.2077
v 13.079 1.72 -22.016
v -21.0526 5.65137 10.1105
v 12.2744 5.997 -19.3934
v 12.5047 7.34087 -11.9992
v -14.4615 6.19099 -3.08778
v 11.7721 6.34136 -9.27305
v 8.32867 5.4958 -11.2221
v 7.8691 0.971211 -8.74537
v 5.98507 3.33992 -10.9135
v 8.32742 -3.25516 -9.19877
v 5.65189 -0.896964 -10.2966
v 7.83874 -5.43264 -11.4804
v 10.5526 5.19117 -8.68898
v -15.477 7.14411 -6.04186
v 7.25376 -7.31259 -15.6157
v 14.5609 -6.03985 -17.6722
v 11.2259 7.16286 12.3006
v 16.8669 -1.76372 -19.2491
v 11.9705 -3.4234 -21.9534
v 3.24584 3.37749 -24.8201
v -2.31034 1.70648 -25.5082
v 13.6018 7.4147 14.4322
v -1.3719 5.98645 -22.9266
v 3.24847 7.33023 -16.9904
v 5.53456 7.398 -19.1672
v 12.6137 7.45678 -14.8287
v 0.229457 5.49399 -13.9761
v 1.2049 0.963584 -11.7019
v -1.55036 3.37548 -12.3654
v 1.266 -3.28991 -12.3592
v -1.53894 -0.919945 -11.6485
v -0.441377 -5.47373 -13.939
v 6.50914 -3.32528 -10.5985
v -16.3066 7.49747 -9.38275
v -3.35779 -7.32406 -16.9347
v 1.47534 -6.02917 -22.8623
v 3.07377 7.4306 17.5538
v 2.38754 -1.75724 -25.4838
v -3.16843 -3.41741 -24.8062
v -11.9865 3.27366 -22.0426
v -16.8206 1.84996 -19.2515
v -9.66908 6.8737 -19.2706
v -13.9804 6.51989 -17.2759
v -7.28876 7.33781 -15.7166
v -23.4163 5.6015 0.654138
v 10.4617 7.1195 -12.8069
v -8.15345 5.6971 -11.5903
v -5.87099 1.0039 -10.2012
v -8.21665 3.11195 -9.21425
v -6.5465 -2.87774 -10.3507
v -8.21834 -0.803748 -8.39413
v -8.67855 -5.43864 -10.8541
v -9.99683 -3.75682 -7.78618
v -22.8909 5.72931 -4.16585
v -12.725 -7.31466 -11.5972
v -12.167 -6.08494 -19.3258
v -18.4916 5.69478 14.2103
v -13.0307 -1.79071 -22.0171
v -17.1293 -3.33135 -18.2867
v -22.6064 3.35693 -10.7762
v -24.9771 1.72501 -5.64127
v -18.8995 6.93516 -10.077
v -22.0949 6.08877 -5.772
v -15.0776 7.30147 -8.23516
v -18.7446 7.46015 -5.21378
v -10.9674 4.00298 -6.57314
v -13.3414 5.5976 -4.4743
v -10.8054 1.15682 -4.74409
v -12.3116 3.54059 -2.35523
v -11.394 -3.03412 -4.65128
v -11.5639 -0.706091 -2.03218
v 14.7533 6.85234 15.7787
v -20.1869 4.46789 -13.7004
v -18.489 -7.37399 -7.61098
v -17.3245 -7.36407 -1.83982
v -21.2173 -6.05945 -8.53317
v -24.8113 1.01479 6.84432
v -23.4946 -1.6623 -10.2353
v -24.611 -3.32051 -4.735
v -24.6898 3.21897 4.63738
v -23.5643 1.63208 10.0994
v -21.011 7.00296 3.23488
v -21.341 6.0107 8.40282
v -17.3295 7.36801 2.04518
v -18.2952 7.44906 6.96744
v 13.8151 7.48678 -13.327
v -13.5655 5.71703 4.16545
v -11.5506 1.22961 2.47683
v -11.3588 3.32596 5.07133
v -11.8432 -2.81912 3.02859
v -10.5134 -0.520493 5.21734
v 6.63743 5.74463 -22.3
v -21.5281 5.69609 -8.93616
v -19.8766 -7.26775 4.88299
v -15.2129 -7.3686 8.55015
v -21.6636 -6.40709 5.6905
v -23.5719 3.75835 7.84213
v -24.9499 -1.88022 5.52533
v -22.6839 -3.33693 10.6346
v -17.1586 3.4395 18.1757
v -13.1154 1.84941 21.9442
v -15.1453 7.01979 14.8566
v -12.1254 6.33121 18.9668
v -12.5889 7.42691 12.5512
v -11.1349 7.23135 17.3554
v 10.9961 5.74492 -20.4839
v -8.47246 5.97782 11.769
v -7.89073 1.47946 8.83886
v -6.2475 3.55099 10.871
v -7.69343 -2.67272 9.42528
v -5.41618 -0.360644 10.3892
v 19.2188 4.3681 -15.1447
v -19.4467 7.20037 -7.09285
v -12.9503 -7.36296 15.3099
v -7.21111 -7.34686 15.7879
v -14.6492 -6.02446 17.6216
v -25.7105 -0.693044 1.86675
v -16.9774 -1.62519 19.2134
v -12.1453 -3.26123 21.9614
v -3.33246 3.36081 24.8196
v 2.27335 1.8356 25.4683
v -3.45457 7.05477 20.8475
v 1.21578 6.39475 22.3813
v -2.89691 7.41629 17.4688
v 1.36939 7.28679 20.3524
v 15.2393 5.66439 -17.6876
v 0.235369 5.94997 14.4682
v -1.21853 1.54429 11.7989
v 1.38157 3.56523 12.4682
v -0.712368 -2.6325 12.1295
v 1.67153 -0.336673 11.5965
v 8.988 7.28381 -18.3328
v -20.4505 5.26058 -12.0994
v -1.50528 -7.36368 19.9928
v 3.42056 -7.34975 17.0306
v -1.53911 -6.02645 22.8602
v 9.39147 4.38336 9.04905
v -2.51272 -1.6455 25.5096
v 3.06192 -3.26247 24.9077
v 11.895 3.50088 21.9451
v 16.8052 1.83877 19.27
v 9.36202 7.02015 19.0356
v 14.2967 6.23817 17.5601
v 8.3559 7.4521 15.8825
v 4.76682 -6.37096 21.9388
v 17.6191 5.3272 -15.8352
v 8.67336 5.98564 11.638
v 5.88751 1.52894 10.2976
v 8.3559 3.48254 9.3082
v 6.45714 -2.65553 10.3034
v 8.09369 -0.38635 8.49055
v 16.8972 6.36626 -14.8009
v -19.3609 6.28883 -11.626
v 10.5202 -7.36083 17.0868
v 12.7501 -7.34653 11.7797
v 12.1877 -6.01317 19.4212
v -22.8452 1.10191 11.8533
v 12.9685 -1.59884 22.1285
v 17.1185 -3.25731 18.3542
v 22.5844 3.38022 10.7921
v 25.0148 1.62891 5.62008
v 18.6115 7.10006 9.75949
v 22.2897 5.92672 5.85459
v 15.4343 7.39383 8.37512
v 19.1305 7.41847 4.89508
v 6.44187 1.13695 -24.9168
v 13.5639 5.76979 4.31171
v 10.786 1.31527 4.85223
v 12.1246 3.21948 2.56337
v 11.2293 -2.70231 4.71848
v 11.5469 -0.672506 2.10128
v 13.2117 -5.34848 4.0412
v 11.4721 1.14363 -23.0265
v 18.4465 -7.38403 7.56944
v 17.0029 -7.28965 1.94699
v 21.1987 -6.09069 8.47368
v 15.9379 7.05233 3.71596
v 23.4825 -1.709 10.2238
v 24.5545 -3.44228 4.66296
v 25.0769 3.2924 0.534816
v 23.1535 3.20944 -9.74836
v 21.3896 6.93712 0.963822
v 20.3536 6.84671 -7.30323
v 18.6308 7.49038 1.10449
v 16.076 7.35892 -6.60305
v 19.668 -0.624338 -16.6849
v 12.2751 4.36508 -4.33707
v -25.7046 1.03457 1.56997
v 12.0391 -3.19282 2.86391
v 10.5582 -1.22026 5.25547
v 12.7124 3.9727 -1.23479
v 13.9582 -5.54699 -1.23521
v 15.9811 1.14961 -20.1511
v 19.2215 -7.48281 -1.06569
v -25.443 1.14216 -3.8077
v 22.5367 -6.29814 -1.09502
v 20.0062 -6.41103 -10.0813
v 25.5662 -1.8717 -0.297688
v 23.2121 -1.87907 -10.7003
v 20.5978 3.34194 -14.2644
v 13.0422 3.37924 -21.3594
v 17.6017 7.08959 -11.5549
v 12.4124 6.72395 -18.0378
v 14.995 7.43898 -9.69251
v 9.50533 7.37443 -14.6338
v 9.67504 5.37966 -21.5652
v 7.44796 4.34954 -10.6682
v -21.888 -0.488314 -13.6791
v 11.39 0.850112 2.83786
v 10.7903 2.80244 5.74611
v 14.7378 6.36561 2.8997
v 10.5431 -5.57895 -9.2792
v 13.9234 7.21274 9.45316
v 14.6858 -7.48533 -12.3787
v -24.0739 1.17516 -9.03124
v 17.6097 -6.26642 -14.1802
v 10.3366 -6.37895 -19.9316
v 20.5024 -1.78602 -15.3255
v 12.5351 -1.76298 -22.3194
v 8.31565 3.37657 -23.6143
v -1.94571 3.36391 -24.9601
v 7.53922 7.11089 -19.5959
v -0.444198 6.72104 -21.8986
v 6.67881 7.43382 -16.5308
v -0.742659 7.37162 -17.4098
v 13.2824 6.14497 6.32697
v -0.19444 4.36608 -13.0209
v -23.5755 5.30031 -2.55693
v 11.7411 3.70146 4.66331
v 12.8483 6.53819 8.35148
v 11.94 5.52748 7.34445
v 3.06789 -5.61131 -13.738
v 19.9786 7.38478 -0.11255
v 4.69461 -7.48394 -18.6471
v -23.6079 3.87443 -7.48317
v 5.99278 -6.25614 -21.8196
v -3.26686 -6.35783 -22.249
v 7.63254 -1.75199 -24.4449
v -2.93127 -1.76597 -25.429
v -7.09198 3.33789 -24.0339
v -16.177 3.56417 -18.9582
v -5.23363 7.09523 -20.3687
v 14.3937 3.97009 -20.076
v -4.10721 7.42795 -17.3166
v -11.1129 7.47723 -14.3652
v -22.6773 0.634467 -12.2757
v -7.92151 4.50512 -10.4415
v 18.6111 0.549787 -17.8735
v 18.7207 7.4884 3.14885
v 15.7617 7.21848 5.98752
v 18.5817 2.26655 -17.4213
v -5.67407 -5.75629 -13.0371
v 16.8199 7.48656 9.2136
v -6.82197 -7.47169 -18.1563
v -22.2357 2.31338 -12.3862
v -7.94522 -6.26755 -21.1701
v -15.7306 -6.3168 -16.1546
v -8.16898 -1.79116 -24.2568
v -17.3018 -1.66809 -18.9092
v -19.7841 3.46012 -15.267
v -24.3592 3.36218 -5.78131
v -16.9456 6.89097 -13.2499
v -20.5547 6.97263 -5.67522
v -14.1449 7.49311 -12.2934
v -16.9883 7.412 -4.85269
v 23.2811 5.71575 -0.772204
v -12.5344 4.50314 -3.82829
v 23.0556 5.59056 4.12337
v 20.1886 4.5145 13.6324
v 21.5078 5.7042 8.96466
v -21.3402 -3.80436 -12.6719
v -12.2573 -5.61804 -6.95145
v 19.6988 7.15332 6.81676
v -16.2607 -7.46455 -10.6921
v -18.2341 -3.80568 -16.8361
v -18.9829 -6.05733 -12.7757
v -22.4872 -6.10553 -3.88966
v -20.8692 -1.61133 -14.9251
v -25.1108 -1.68622 -5.10312
v -25.0827 3.28063 -0.603323
v -23.1688 3.25997 9.63965
v -21.2324 7.00336 -1.08847
v -20.0081 6.93088 7.65601
v -18.1836 7.47994 -1.43329
v -16.7525 7.4316 6.04429
v 20.3715 5.39804 11.9661
v -12.4315 4.61798 4.38931
v 18.9753 6.56373 11.4258
v 25.7073 1.0097 -1.59967
v 25.4686 1.05925 3.76392
v 21.8881 -0.495896 13.68
v -14.3111 -5.88372 1.44319
v 24.085 1.11704 9.04546
v -19.8512 -7.3935 1.2652
v -9.61436 -5.4831 -21.4824
v -22.7621 -6.13551 0.97247
v -20.4613 -6.08729 10.165
v -25.5963 -1.78447 0.267768
v -23.3094 -1.73572 10.6026
v -20.6303 3.31984 14.2401
v -13.0425 3.5062 21.2753
v -18.0284 6.93783 11.5552
v -3.23386 -5.6963 23.0758
v -15.5024 7.47996 9.89842
v -10.1762 7.4886 15.5733
v 23.5973 5.28684 2.46192
v -7.5025 4.86365 11.1052
v 23.6601 3.781 7.52352
v 22.6772 0.628267 12.2785
v 22.2286 2.34021 12.3761
v 21.3281 -3.8161 12.6771
v -10.7428 -5.76905 9.34685
v 18.2211 -3.77618 16.8782
v -15.163 -7.45499 12.3183
v -14.3228 -4.01266 -20.091
v -18.0042 -6.01231 14.2192
v -10.6455 -6.08875 20.2111
v -20.5958 -1.65411 15.2754
v -12.6606 -1.60527 22.3091
v -8.40042 3.49317 23.5157
v 1.93713 3.49727 24.8849
v 4.60011 -7.16283 20.3116
v 11.9409 -2.20945 1.46045
v -7.27882 7.49138 17.7037
v 1.10478 7.4778 18.3183
v 9.61798 -5.20216 21.7795
v 0.57333 4.85364 13.387
v 14.3193 -3.77153 20.2872
v 19.6174 0.700845 16.7198
v 15.9112 -1.03004 20.2434
v 11.2899 -4.28841 21.7655
v -3.1843 -5.73887 13.8383
v 11.4178 -2.71244 22.6042
v -5.03379 -7.45709 18.857
v -19.6015 0.694732 -16.7403
v -6.27008 -6.01282 22.0666
v 3.24469 -6.08442 22.6167
v -7.77777 -1.61653 24.448
v 2.8515 -1.61128 25.4903
v 7.02564 3.50797 23.9536
v 16.1885 3.47833 19.0129
v 3.57722 -7.4881 18.8253
v 13.178 7.12746 16.2773
v 4.69215 7.49102 18.5301
v 11.7337 7.49245 15.0652
v 18.1433 -7.14378 10.3269
v 8.25284 4.83397 10.5287
v 18.456 -3.96554 -16.4379
v -15.9407 -1.13739 -20.1873
v 12.375 -7.20409 16.5884
v 19.1767 -4.27465 15.308
v 5.50886 -5.75288 13.1108
v 15.0265 -5.66598 17.8561
v 6.99428 -7.45542 18.2415
v -11.3076 -4.4952 -21.5806
v 7.89071 -5.99982 21.5579
v 15.9085 -6.08608 16.3967
v 8.0864 -1.5889 24.3576
v 17.2927 -1.6023 18.9475
v 19.7903 3.51713 15.2046
v 24.4249 3.25269 5.77289
v -6.76052 -7.38853 18.8197
v 20.7823 6.89526 5.51009
v 14.3229 7.49672 12.5805
v 17.3124 7.45033 4.69051
v 21.4528 -3.99404 -12.2347
v 12.6689 4.60469 3.62726
v 10.3514 -6.83067 19.0147
v 14.9167 -7.18937 7.66113
v 10.7314 -7.13533 12.6317
v 23.347 -5.5351 -2.55897
v 12.1282 -5.74741 7.41784
v 13.0738 -7.40844 14.9389
v 16.3275 -7.46181 10.616
v -11.472 -2.93001 -22.4593
v 19.0243 -6.03119 12.7758
v 22.357 -6.22237 3.76898
v 20.863 -1.61826 14.9297
v 25.0836 -1.79545 5.05303
v 25.1623 1.51511 -5.03894
v 22.4236 4.69644 -9.17741
v 25.2266 -0.213191 -5.3659
v 20.8997 1.67532 -14.8442
v 22.6027 6.01577 -3.90387
v 18.5619 7.33253 -7.99199
v 23.8514 4.71006 -4.23655
v 18.9462 6.18348 -12.541
v -18.0854 -7.15263 -10.3779
v 8.5779 -6.88963 13.4324
v 19.9554 7.29445 -4.02569
v 16.2511 7.47322 -10.5244
v 9.11451 -7.48803 15.9647
v 12.1407 -4.95103 5.81929
v 15.5316 6.7803 -2.5887
v 11.9341 5.65241 -7.53141
v 5.58526 -3.64148 11.2932
v 23.4217 -4.14738 -7.47806
v -8.75523 -7.37685 -18.0295
v 10.0668 2.85911 -6.98609
v 21.9246 0.500959 -13.6224
v 11.8917 -4.64316 -5.80832
v -19.2036 -4.27116 -15.2792
v 9.678 -1.24981 -6.78774
v 12.3195 -4.2275 -3.96563
v 13.6738 -6.72679 -7.60318
v 13.5057 -7.14247 9.64318
v 10.3044 -6.03983 10.3184
v 16.5314 -7.30829 -4.78921
v 18.715 -7.20727 -8.84651
v -15.1853 -5.66659 -17.7278
v 13.4666 -7.41832 -11.5184
v 20.7739 -6.81482 -6.27645
v 21.4787 -5.03084 -10.6038
v 19.4515 -7.36457 -4.82993
v 16.1719 -7.13934 -13.2571
v 24.2333 -3.57675 -5.78578
v 23.5539 -0.159436 -10.5252
v 23.2142 -5.03287 -5.86438
v 19.8372 -3.44413 -15.211
v 17.3476 1.71717 -18.8449
v 12.8066 4.8539 -20.4099
v 17.2521 -0.0244993 -19.205
v 8.22427 1.71278 -24.2664
v 15.7577 6.3304 -16.0993
v 10.5558 7.3202 -17.2944
v 16.7306 4.91219 -17.278
v 7.99452 6.21893 -21.2201
v -10.5233 -6.88647 -18.7824
v -14.9637 -7.1938 -7.5887
v 14.1434 7.16627 -15.3248
v 7.14053 7.47638 -17.9383
v 4.74536 0.430673 10.7021
v 24.0406 -1.34968 -8.98866
v 11.3231 6.80046 -11.0247
v 5.40863 5.66759 -13.0504
v 10.8734 -4.55668 7.42562
v -10.7448 2.59366 -5.66603
v -11.3974 0.839073 -2.79803
v 4.06579 2.85754 -11.558
v 8.11676 -2.9476 9.1951
v 6.18951 -4.68604 -11.7346
v -10.719 -7.08436 -12.4233
v 3.78905 -1.28736 -11.2052
v 7.61276 -4.2697 -10.5009
v 6.66293 -6.75608 -14.2254
v 5.52606 -1.12246 10.4144
v 11.1713 4.20155 6.51099
v 10.7581 -7.35052 -13.6022
v 10.0431 -7.19369 -18.1587
v 23.9479 -4.57977 -4.1271
v 4.20139 -7.42245 -17.2431
v 13.2017 -6.76221 -17.379
v 11.2025 -4.96649 -21.2314
v 13.032 -7.34045 -15.4008
v 5.38025 -7.13401 -20.2271
v 16.2391 -3.42395 -19.0096
v 12.9155 -0.019777 -22.3543
v 15.3887 -4.89905 -18.4913
v 7.16874 -3.41621 -23.9636
v 3.00612 1.7194 -25.4362
v -1.56284 4.83978 -24.0582
v 2.71939 -0.0208082 -25.6734
v -7.56635 1.66747 -24.4958
v 3.36897 6.33961 -22.2568
v -1.46495 7.31985 -20.2142
v 3.43912 4.92042 -23.7981
v -5.90927 6.20135 -21.9195
v 24.8497 -3.03594 -3.99394
v 18.0553 -7.14818 -10.4572
v 2.55364 7.1739 -20.6705
v -4.51462 7.47462 -18.7632
v -12.7186 -7.46858 -14.6282
v 7.5411 1.11335 9.04977
v 2.86251 6.78993 -15.5233
v -3.29167 5.68752 -13.7577
v 5.40387 3.03424 11.0564
v -8.63403 -6.85984 -13.3359
v -9.06888 -7.49626 -16.1487
v -3.47589 2.92336 -11.7754
v 10.436 6.50807 11.113
v -1.92394 -4.74244 -13.169
v -6.01241 -3.85114 -11.2086
v -3.57855 -1.30478 -11.2758
v -0.0637779 -4.30964 -12.9968
v -3.07294 -6.80121 -15.4972
v 6.30944 7.27297 15.8034
v 7.38151 6.35808 13.1023
v 0.745705 -7.35735 -17.3467
v -2.45119 -7.18479 -20.6385
v -13.4951 -7.10204 -9.48587
v -7.09331 -7.46946 -16.6785
v 0.552401 -6.75218 -21.8327
v -3.35382 -4.94904 -23.7831
v 1.57507 -7.3382 -20.128
v 19.7442 -7.39568 -2.87169
v 2.02865 -3.41469 -24.9236
v -2.64445 -0.0296196 -25.6795
v 1.65494 -4.88782 -24.0083
v -8.26534 -3.44969 -23.5876
v -12.5282 1.65674 -22.3643
v -15.261 5.1762 -18.2944
v -12.8842 -0.0590571 -22.3663
v -20.4467 1.81955 -15.3811
v -10.4616 5.9598 -20.5041
v -12.7213 7.33282 -15.7012
v -11.2771 4.72596 -21.428
v -17.7166 6.06373 -14.488
v -10.4443 -5.83537 -9.82399
v 6.83373 3.96042 10.7872
v 12.2877 7.46977 13.3276
v -16.0107 7.41616 -11.6529
v 5.80166 6.69946 14.4596
v 5.54511 5.76705 13.1291
v -6.88672 6.84238 -14.3197
v -10.9175 5.938 -9.4847
v 16.116 7.30483 12.3944
v 20.2344 -4.46648 -13.6284
v 21.3827 -5.77922 -9.06123
v -9.74343 3.05991 -7.55037
v -4.70337 -0.131258 -10.7224
v 8.77177 -0.159157 -7.74952
v 21.018 -6.92013 -4.30467
v -9.61231 -1.20429 -6.85248
v -7.75813 -4.2407 -10.3671
v -11.6211 -6.75545 -10.5546
v 11.9368 -7.19539 -11.8084
v -19.8494 1.18209 16.3621
v -9.73932 -7.336 -14.3083
v -14.1587 -7.17728 -15.2553
v 10.1076 7.37976 14.2633
v -15.3782 -7.44564 -9.23973
v -12.3463 -6.77182 -17.9641
v -16.686 -4.8751 -17.3629
v -10.5643 -7.34763 -17.1433
v -17.5976 -7.01418 -11.8913
v -12.9756 -3.45556 -21.3487
v -17.2027 0.0861793 -19.2378
v -12.7204 -4.93699 -20.3777
v -20.5837 -3.25705 -14.3678
v -23.2398 1.74295 -10.7496
v -23.3856 4.84842 -5.81953
v -23.5502 0.0465342 -10.5696
v -25.6454 1.63868 -0.323809
v -20.4688 6.03293 -10.3163
v -8.41932 -3.29967 -9.14225
v -21.6766 4.80576 -10.6322
v -22.8487 6.06798 -1.0405
v -12.7839 4.08958 1.11603
v 2.76559 -7.20275 -16.5881
v -17.3741 7.34517 -10.2724
v 15.1059 -7.05655 -6.22772
v 8.80813 7.44442 17.5217
v 19.0137 5.86043 13.1886
v -13.9641 6.77814 -7.31004
v -14.2464 5.80413 -1.13282
v 15.901 5.78223 16.9113
v -5.48034 -1.58696 -10.5193
v 17.728 -7.47556 -7.62381
v -12.3422 3.10399 -0.325398
v 8.29555 4.48203 22.9313
v -13.1036 -4.66156 -1.81592
v -10.6832 -1.58631 -5.15201
v -11.7759 -1.03996 0.0126328
v 15.2663 -6.79567 -3.94375
v -15.8523 -6.87372 -1.70886
v 11.9864 5.95335 19.6593
v 18.0343 -7.48971 -3.68042
v -16.388 -7.34189 -5.65949
v -20.7976 -7.08427 -3.34755
v 11.6446 7.27799 16.8088
v -18.2491 -7.48541 1.77109
v -20.0625 -6.89639 -7.72582
v -23.7389 -4.8174 -4.32413
v -19.4635 -6.87282 -9.28851
v -21.3062 -6.9769 0.809294
v -23.0815 -3.30957 -9.77198
v -25.2428 0.0189472 -5.41308
v -22.3089 -4.80978 -9.19631
v -25.0043 -3.42004 0.552118
v -25.1588 1.57197 5.003
v -22.4177 4.75371 9.06458
v -25.2487 -0.151019 5.30499
v -20.9216 1.70991 14.793
v -22.6487 5.99998 3.77621
v -7.58116 0.664688 -8.95489
v -23.8447 4.72059 4.22368
v -19.1583 6.02621 12.5949
v -12.1609 -3.3007 -2.55753
v 9.46575 5.36448 21.6816
v 20.4428 7.18296 3.63104
v -22.5163 -2.76329 -11.5365
v 8.68608 6.47454 20.5398
v 21.6411 1.24371 13.8754
v -15.8516 6.8862 2.00788
v -12.337 6.02336 7.76459
v 18.2723 1.27294 18.0597
v -5.31269 2.48556 -10.8839
v -13.2691 -4.70618 0.513213
v -10.2495 3.35836 7.0954
v 9.64232 -0.448261 23.9392
v -11.3231 -4.22249 6.25213
v -9.92033 6.34807 -11.2723
v -9.42561 -0.83078 6.98711
v -13.2642 -5.55055 4.58288
v -13.9633 -6.88404 7.75697
v 14.0998 1.28247 21.4679
v 17.4503 5.42147 15.8843
v -16.8842 -7.40568 5.05211
v -18.8122 -7.07089 9.54939
v 14.5576 4.02303 19.9159
v -13.6053 -7.45884 11.8514
v -8.01069 -5.6173 21.9901
v -21.7331 -4.8034 10.5142
v -5.0706 7.10592 -15.6829
v -16.7145 -6.96786 13.2716
v -24.278 -3.55116 5.65509
v -23.6134 -0.0577984 10.4256
v -23.2107 -5.0843 5.68582
v -19.9869 -3.27178 15.1738
v -17.3598 1.80353 18.7943
v -12.7423 5.02458 20.279
v -17.3007 0.0915619 19.1497
v -8.32514 1.82483 24.1919
v -16.0166 6.14159 16.1986
v -6.65235 6.01452 -12.9429
v -16.6972 4.91684 17.3033
v -7.99811 6.41831 20.9054
v -6.61422 3.51582 -10.6339
v 11.1004 0.703792 23.2598
v 21.7944 6.52719 4.26957
v 4.44111 -6.43065 14.456
v 10.6856 2.40061 23.0617
v 9.79689 -3.76245 22.8332
v -11.4296 7.01957 11.5828
v -5.43774 6.21798 13.7828
v 4.81863 -3.76931 24.3698
v -5.00517 6.35817 -14.1567
v -4.93974 5.26832 -12.8163
v -4.16254 3.50335 11.8171
v -5.00722 -5.22101 23.2571
v -5.4437 -4.14159 11.6787
v -16.9037 -7.29945 2.76054
v -3.52634 -0.718661 11.1829
v -7.99489 -5.45556 11.4162
v -6.68082 -6.83777 14.4021
v -0.331557 -3.79341 24.8151
v 6.01461 0.710329 25.0623
v -10.5273 -7.35101 13.821
v -9.60965 -7.07985 18.7576
v 0.979543 -1.0571 25.7249
v -4.03463 -7.45517 17.5575
v -13.5307 -6.8742 16.7721
v -11.4665 -4.78153 21.2663
v 13.2014 -7.05993 -9.71776
v -5.7566 -6.97125 20.5434
v -16.4081 -3.27251 18.976
v -12.9861 0.123563 22.2962
v -15.618 -4.77226 18.4374
v -7.33881 -3.25544 24.0063
v -3.09993 1.749 25.4155
v 1.58668 5.04505 23.8809
v -2.82338 0.0574071 25.6571
v 7.49373 1.85259 24.4523
v -3.56378 6.11005 22.5451
v -9.80905 7.35077 -17.5807
v -3.51556 4.82822 23.8697
v 5.80576 6.40805 21.6322
v 12.6789 -5.81401 -6.66424
v -3.65028 -4.31415 24.2265
v 15.4204 7.15797 14.0134
v 6.35864 -5.85399 -12.8928
v -4.04634 -2.74954 24.9807
v 8.63277 -7.11726 19.089
v -2.33558 6.99666 16.0474
v 3.93974 6.237 14.3155
v -21.8979 -4.34316 -10.9388
v -8.98586 7.22478 -14.2736
v 5.03637 -7.0809 -15.6405
v 3.61341 3.52701 12.0058
v -7.85299 7.50075 -17.3038
v 2.40742 -4.14096 12.6567
v -18.8892 5.92657 -13.2325
v 3.64738 -0.716126 11.1419
v 0.219915 -5.44569 13.9259
v 3.03217 -6.84249 15.5953
v 0.284845 -7.20722 20.6838
v 6.51405 -4.25474 23.6724
v -0.40859 -7.35 17.3638
v 3.2281 -7.07625 20.8367
v 1.67348 -5.67198 23.2709
v 7.03471 -7.45817 16.6071
v -1.12424 -6.87454 21.5186
v 3.20124 -4.77924 23.9492
v -15.6493 6.05022 -16.7058
v 7.40619 -6.96303 20.027
v -2.18351 -3.28416 24.984
v 2.58305 0.11207 25.6742
v -1.85283 -4.77803 24.0864
v 8.17642 -3.23264 23.7477
v 12.4302 1.85126 22.3447
v 15.3314 4.97077 18.4601
v 12.7967 0.127901 22.4058
v 20.4599 1.84429 15.3492
v 10.3973 6.23031 20.1398
v -8.34358 4.33634 -23.031
v 11.21 4.99279 21.2022
v 17.3753 6.43456 14.0706
v -12.1423 5.61194 -20.01
v -24.768 -1.11108 -6.96651
v 17.1199 7.31648 10.901
v 11.6559 -0.0477383 -1.15165
v -2.7802 -6.83998 21.4509
v 7.59374 -7.21966 15.0605
v 7.95509 7.08088 14.3907
v 11.3343 6.06663 9.22688
v 1.29775 -7.13281 16.5146
v -15.1606 7.30834 -13.6028
v -11.9645 7.09121 -17.2885
v 9.87126 3.33935 7.60316
v 3.60452 -5.40115 13.3766
v 9.29436 -4.16422 8.93987
v -9.46104 5.20881 -21.8524
v 9.43857 -0.78474 6.96547
v 8.30391 -5.4675 11.2062
v 11.5897 -6.84085 10.8644
v 1.82059 -7.40844 19.7665
v -0.905527 -6.8792 15.8925
v 9.85362 -7.35539 14.3209
v 14.8416 -7.07898 14.9687
v -1.9765 -7.48681 18.2581
v 15.3913 -7.44869 9.26168
v 11.7294 -6.86759 18.0936
v 16.6631 -4.77807 17.4985
v -8.69371 6.3955 -20.6694
v 17.7208 -6.9856 11.8228
v 12.9233 -3.25265 21.514
v 17.1806 0.1223 19.2508
v 12.6595 -4.75719 20.5959
v 20.567 -3.26652 14.382
v 23.2376 1.72872 10.7659
v 23.5091 4.70254 5.84635
v 23.55 0.00937441 10.5757
v 25.6536 1.61636 0.278851
v 20.2803 6.17994 10.2707
v -21.6372 1.23037 -13.8883
v 21.5939 4.89177 10.6337
v 22.831 6.08322 0.931076
v -18.2572 1.27953 -18.0725
v 6.49043 -4.9479 11.7828
v 24.1861 4.27793 4.08086
v 11.4947 -3.28184 -4.69615
v -2.02236 -3.6215 12.4265
v -9.72099 -0.65916 -23.8825
v 14.3152 6.93737 7.28429
v 14.4691 5.9551 0.914124
v 5.28229 -7.15447 15.7722
v -14.1946 1.1463 -21.4481
v -17.2993 5.45095 -16.0151
v 12.3327 3.0824 0.317108
v 2.34234 -6.02542 14.3818
v 12.9467 -4.57492 2.4635
v -14.6605 3.99265 -19.863
v 11.8044 -1.16663 0.115014
v 25.0012 2.73554 3.96273
v 15.5039 -6.71258 1.85913
v -11.1865 0.495752 -23.253
v -10.7612 2.18953 -23.1218
v 16.2478 -7.3126 5.70341
v 20.6274 -7.15087 3.25919
v -2.37813 0.435352 11.4631
v 17.8884 -7.44791 -1.66123
v 20.0246 -6.92214 7.66697
v 23.6447 -4.94662 4.2238
v -9.85308 -4.00421 -22.6373
v -25.7343 0.540678 -1.93104
v 23.0654 -3.3559 9.74291
v 25.2426 -0.0796704 5.37836
v 22.2914 -4.84988 9.14855
v 24.9407 -3.53165 -0.583541
v 25.4085 2.19528 2.13444
v 24.5114 2.60591 -6.52649
v 22.0432 6.53504 2.58642
v 18.4286 4.01826 16.4167
v 21.4543 3.96117 12.2771
v 17.1967 7.43353 -4.70264
v 13.6246 5.37901 2.34694
v 13.079 4.81242 -2.66009
v 11.7392 -1.65922 -1.83467
v 4.57297 -4.54449 12.3294
v 1.31173 -2.91359 12.1971
v -1.55001 -1.1064 11.6917
v 12.8724 -4.17657 -0.896509
v 5.32608 4.44812 11.9479
v 17.9931 -7.45517 0.427609
v 17.8951 -7.49573 -5.66321
v 21.6228 -6.84239 0.35752
v 4.39562 7.16725 20.3412
v 25.1789 -2.95944 1.27702
v 24.2599 -2.51088 -7.40014
v 21.8045 2.22113 -13.1973
v 15.9259 2.85636 -19.5999
v 19.3547 6.53608 -10.8581
v 18.5536 -0.45536 17.9338
v -4.9274 -3.93221 -24.24
v 11.6233 7.45646 -13.7747
v 12.0485 4.88299 -5.87095
v 9.06261 4.75682 -9.74593
v 9.53719 3.83028 -8.38305
v -23.4831 -3.82559 -7.96208
v 4.85255 -5.41759 -23.0949
v 0.874696 1.16845 11.7571
v 9.85754 -4.20328 -8.35253
v -2.10152 3.02543 12.1221
v 14.9313 -7.46692 -10.2808
v 11.3683 -7.49586 -15.0485
v 17.6847 -6.86806 -12.3593
v 7.70282 7.26882 18.9762
v 21.1027 -2.91643 -13.8337
v 15.3069 -2.35152 -20.305
v 9.92317 2.2822 -23.4492
v 1.41667 2.8526 -25.2171
v 9.30229 6.57125 -20.0805
v 18.5357 -2.1643 17.5311
v 0.181749 -4.00496 -24.6786
v 1.47285 7.45522 -17.9333
v 6.42388 4.90124 -11.7708
v 1.69299 4.76295 -13.207
v 2.04809 6.55118 15.186
v -4.48561 7.2376 16.313
v -1.86128 6.26719 14.7804
v -6.08824 0.534173 -25.0764
v 3.02692 -4.23965 -12.5842
v -0.76908 3.96025 12.7449
v 6.13738 -7.46944 -17.097
v 0.420135 -7.4965 -18.8721
v 7.13086 -6.85696 -20.3897
v 16.9387 4.47138 17.5399
v 8.99716 -2.86893 -23.5986
v 0.505921 -2.34625 -25.425
v -5.70565 2.25343 -24.8273
v -13.707 2.8247 -21.2297
v -4.15143 6.5504 -21.7694
v -11.128 6.70963 -18.8491
v -1.05656 -1.19244 -25.6859
v -9.32317 7.48742 -15.8174
v -1.68945 4.92018 -13.3192
v -6.50989 4.87651 -11.7064
v -4.05768 6.63139 14.9443
v -3.36151 5.69031 13.7836
v 6.03268 7.26838 19.5568
v 3.52704 -4.42916 -24.1577
v -4.86101 -4.44982 -12.1327
v -16.1585 -7.13612 -3.67793
v -5.08421 -7.47309 -17.4817
v -10.9284 -7.49745 -15.3754
v -6.14396 -6.828 -20.7729
v 17.7296 2.94459 17.927
v -6.56282 -2.88681 -24.3787
v -14.5145 -2.34438 -20.8818
v -19.1159 2.4066 -16.7439
v -23.5578 2.82941 -9.13829
v -16.1486 6.6273 -14.9921
v -19.9542 6.77217 -8.68379
v 3.91228 -2.87457 -24.9414
v -16.6174 7.46784 -7.19914
v -9.4269 5.3332 -10.0771
v -12.1321 4.87756 -5.68121
v 6.29715 -1.02173 24.9801
v -0.572548 7.29572 17.0979
v 10.9032 0.69018 -4.35065
v -3.31127 7.47258 19.0505
v -11.3304 -4.21195 -6.21137
v 7.62143 5.79236 21.9306
v -14.4423 -7.47374 -11.0811
v -18.0147 -7.50037 -5.81523
v -17.2029 -6.7434 -13.4198
v -21.3718 -6.40179 -6.70026
v -19.644 -2.72004 -15.9877
v -24.0434 -2.22561 -8.43119
v -25.3867 2.23616 -2.19452
v -24.4927 2.69161 6.4785
v -22.0809 6.51119 -2.58386
v -21.3492 6.69869 4.90721
v 11.3554 -1.02717 23.1163
v -17.8519 7.48287 3.9273
v -13.3204 5.04467 -2.49638
v -13.2195 4.97638 2.57061
v 2.86205 5.89321 22.9125
v -6.79351 4.46673 23.433
v -1.9861 5.63944 23.2924
v -20.5363 -5.25964 -11.9332
v 3.45446 -7.30259 -20.0506
v -0.209753 7.02 21.2181
v -18.4016 -7.49009 -0.26892
v -18.3186 -7.47506 5.90881
v -21.8948 -6.69781 -0.601879
v -21.2179 -6.37418 7.31911
v -25.2382 -2.83253 -1.32604
v -24.3445 -2.40103 7.27274
v -21.8393 2.23144 13.1318
v -15.9271 2.94324 19.5449
v -19.4713 6.45652 10.9018
v -14.1989 6.80616 16.4093
v 17.609 -5.21724 16.0043
v -11.9317 7.49544 14.412
v -12.4832 5.40468 6.00304
v -9.20623 5.23356 10.1814
v -5.15455 5.33114 23.1243
v -5.00216 6.50715 21.6783
v 9.32465 1.27696 23.9469
v 4.14694 1.28013 25.3522
v 11.999 2.53884 -1.74521
v -6.28516 -0.49502 25.0343
v -15.0601 -7.48303 10.3973
v -11.1245 -7.49946 15.3633
v -18.0517 -6.68496 12.4482
v -12.9597 -6.37891 18.3116
v -21.2349 -2.75494 13.7738
v -15.4477 -2.17519 20.2875
v -9.9934 2.40559 23.3649
v -1.47188 2.85403 25.2139
v -9.48284 6.47223 20.1777
v -2.01401 6.71039 21.7946
v 16.7345 -6.38027 14.9447
v -1.22188 7.50061 18.5028
v -6.57294 5.64357 12.4919
v -1.3564 5.21943 13.6508
v -1.20454 1.20457 25.6764
v 4.71793 5.44925 23.0948
v 0.127371 3.94221 24.7212
v -4.71451 0.632404 25.3526
v -6.62864 -4.43685 -23.4997
v -4.95672 2.3146 24.9654
v -6.04351 -7.47872 17.2229
v 0.00785768 -7.49968 18.968
v -7.33225 -6.68835 20.6579
v 0.243182 -6.37877 22.4316
v -9.16451 -2.71499 23.6141
v -0.622715 -2.19353 25.4842
v 5.64118 2.41844 24.773
v 13.5917 2.97385 21.2187
v 4.16023 6.47988 21.8894
v 10.7633 7.04155 18.252
v 6.43513 -5.60619 22.5144
v 10.1542 7.48406 16.1928
v 2.20442 5.63897 13.9427
v 6.96822 5.27378 11.8722
v -5.48856 -3.78904 24.2146
v -10.4122 -3.77622 22.5493
v -17.6748 -5.22034 15.9265
v -14.821 -3.78414 19.9139
v -1.91066 -5.69573 -23.2333
v -9.86823 0.694562 23.8134
v 5.21065 -7.48012 17.5118
v 11.1381 -7.49969 15.3676
v 6.19718 -6.67998 21.0418
v 13.3742 -6.37108 18.0241
v 6.46445 -2.69978 24.499
v 14.4781 -2.1604 20.9977
v 19.156 2.40958 16.6955
v 23.5673 2.78596 9.17289
v 16.2783 6.43971 15.3101
v 20.014 6.76432 8.59183
v 10.9451 -5.67897 20.5926
v 16.884 7.48372 7.05841
v 9.79582 5.54454 10.0075
v 12.3684 5.03264 5.48018
v -14.3023 -1.03686 21.4067
v -17.1456 -4.30944 17.5066
v -17.9016 -2.7427 17.8918
v -4.2115 -7.12414 20.5031
v 2.47872 -6.80679 -21.5454
v -24.6253 -3.84364 -2.88074
v 14.4714 -7.47661 11.0929
v 17.8979 -7.49827 5.79989
v 17.3533 -6.697 13.3665
v 21.3064 -6.45827 6.62544
v 19.6314 -2.71691 16.0054
v 24.0238 -2.29788 8.39863
v 24.1101 2.06984 -8.39333
v 22.7971 5.03571 -7.38472
v 24.7129 -0.797843 -7.20883
v 19.6743 2.80683 -15.8837
v 21.7612 6.14063 -6.7614
v 19.4699 7.29348 -6.10719
v 23.8616 4.15464 -6.05987
v 17.2104 6.8056 -13.2293
v 17.6442 7.50047 -6.66046
v 14.4571 6.41539 -4.44134
v 21.2285 6.70558 -5.31617
v 14.2926 7.47806 -11.4118
v -7.61575 -7.22603 -15.0711
v -10.1827 -0.0150366 -5.79476
v -11.9027 -7.20754 16.9162
v 10.8695 4.28908 -7.08241
v 11.371 2.1655 -3.8463
v -1.18807 -7.10183 -16.4266
v -8.63272 -4.26819 22.9738
v 9.31244 1.36658 -7.27632
v 11.3418 -1.97608 -3.74039
v -12.2985 -5.67268 19.8263
v 11.3114 -0.47542 -3.07164
v 9.56977 -2.7613 -7.58729
v 13.2419 6.05858 -6.16134
v 16.524 7.11925 -0.84715
v 14.2359 5.94468 -2.55817
v 8.99662 -4.82048 -9.85803
v 16.3796 -7.4381 -7.05357
v 20.4397 -6.64302 -8.13002
v 14.0007 -6.36482 -5.39451
v 12.7889 -7.50047 -13.4754
v 15.6357 -7.16951 13.7271
v 22.5591 -4.56521 -9.05579
v 19.2507 -7.27777 -6.87776
v 16.1125 -6.6094 -15.0715
v 23.4704 -3.02917 -9.09452
v 24.2585 0.375794 -8.75196
v 22.1256 -5.67604 -7.42134
v 19.1979 -2.33966 -16.6908
v 14.5675 2.30898 -20.8627
v 13.9325 5.53356 -18.9014
v 15.7731 -0.610342 -20.3915
v 6.62144 2.82786 -24.3931
v 5.199 4.03566 24.1158
v 12.4231 7.23156 -16.4457
v 15.6136 4.41913 -18.7742
v 6.22412 6.82708 -20.7476
v 10.7219 7.4997 -15.6397
v 9.34653 6.45169 -11.9478
v 14.041 6.55808 -17.1237
v 5.04108 7.47613 -17.5348
v -14.8295 -6.83807 15.7499
v -1.56475 -7.46754 -19.3181
v -2.66665 -7.21386 16.6333
v 4.72312 4.29959 -12.0889
v 6.90857 2.10357 -9.79269
v 0.991599 -6.85649 -15.8428
v -8.6373 -7.13196 14.1317
v 3.2401 1.35112 -11.3629
v 6.95799 -2.02656 -9.72654
v 12.0868 3.46363 -3.20885
v 7.33557 -0.551978 -9.15208
v 3.22869 -2.79838 -11.7935
v 15.0915 6.41649 -0.690373
v -10.1196 -7.4094 17.0688
v 13.7985 5.37106 -0.936337
v 1.44807 -4.85688 -13.2936
v 9.27168 -7.44789 -15.325
v 11.8332 -6.6015 -18.6313
v 8.20012 -6.4056 -12.6507
v 2.49792 -7.49925 -18.4265
v 13.9348 -7.4897 13.1337
v 12.9766 -4.4669 -20.643
v 11.6505 -7.25777 -16.8938
v 4.26056 -6.60314 -21.661
v 13.6831 -2.90139 -21.2008
v 14.5048 0.569057 -21.3223
v 13.5936 -5.58353 -19.0903
v 5.7783 -2.32038 -24.782
v -0.425417 2.29955 -25.4459
v 0.243692 5.52883 -23.4874
v 0.826493 -0.609813 -25.767
v -8.93409 2.75757 -23.6816
v 10.1319 3.98895 22.5268
v 0.517182 7.2332 -20.5969
v 1.65837 4.41687 -24.3649
v -6.99504 6.8153 -20.5193
v -0.351673 7.49919 -18.9436
v 0.671612 6.44663 -15.1387
v 1.39463 6.56211 -22.0949
v -5.9452 7.4723 -17.1757
v -10.074 -6.88577 12.3406
v -22.7472 5.6105 5.50143
v -12.328 -7.48727 13.627
v -3.29124 4.35579 -12.59
v -0.156248 2.11693 -11.9875
v -5.29514 -7.13951 -15.7178
v -1.58637 -4.93024 13.3348
v -4.00896 1.40851 -11.1235
v -0.16758 -2.05894 -11.9691
v -8.95111 -3.66778 8.88787
v 0.500427 -0.575679 -11.7191
v -4.45805 -2.83407 -11.3989
v 15.6938 7.39062 -12.4048
v -2.48325 -5.91898 -14.2435
v 10.0888 -6.83822 -12.214
v -6.81321 -5.06357 -11.7105
v -1.46819 -7.4499 -17.8764
v -1.28879 -6.58715 -22.0571
v -0.835063 -6.43677 -15.1064
v -14.3758 -5.95821 -1.91372
v 5.57448 -7.3858 19.222
v -1.56955 -4.45366 -24.3411
v -0.415618 -7.25334 -20.5387
v -9.2126 -6.68611 -19.9072
v -1.33525 -2.89513 -25.2001
v -0.749366 0.562697 -25.7784
v -0.144156 -5.56886 -23.4467
v -9.87248 -2.372 -23.4305
v -15.3119 2.36826 -20.2927
v -13.8047 5.41244 -19.1354
v -14.4713 -0.602852 -21.3372
v -21.0697 2.90205 -13.8981
v -12.7552 6.36984 -18.4825
v 18.5616 7.48381 -4.88989
v -13.0253 4.33343 -20.7322
v 4.45533 -0.452845 25.4164
v -10.9624 7.45185 -16.0706
v -8.52948 6.61314 -12.8783
v 8.68033 -7.08902 -13.9484
v -14.7761 7.4595 -10.3402
v -4.95625 -7.14811 15.8567
v -16.813 -7.20764 0.360452
v -6.5264 -6.01948 13.0232
v -10.327 4.65582 -8.28566
v -7.04058 2.07739 -9.68656
v 2.49631 -0.184743 -11.4365
v -24.5574 -4.03172 2.35954
v -9.85648 1.53761 -6.58997
v -7.39694 -1.86056 -9.36631
v -1.03533 -3.36689 -12.4125
v -6.54448 -0.460865 -9.71531
v -10.3949 -2.75502 -6.41004
v -9.41373 -4.65264 -9.29709
v -8.6351 0.33951 7.89219
v 15.7897 7.08026 -4.55935
v -12.5316 -5.11603 -5.26023
v -11.817 -7.44873 -13.4558
v -14.0062 -6.57696 -17.1103
v -9.66262 -6.40516 -11.5624
v -17.3634 -7.43883 -9.05845
v 12.0555 -6.42521 9.11505
v -15.551 -4.42142 -18.8221
v -12.4596 -7.25215 -16.3344
v -19.4164 -6.42104 -11.0993
v -15.8707 -2.85101 -19.6474
v -15.7494 0.628262 -20.4053
v -13.8577 -5.58039 -18.8986
v -21.7809 -2.18862 -13.2619
v -24.3481 2.2872 -7.42219
v -22.5258 5.28416 -7.43181
v -24.2497 -0.534783 -8.7949
v -25.3031 2.70784 1.25859
v -21.1184 6.44051 -7.29874
v 18.5908 7.5005 -2.95771
v -22.7067 4.35904 -9.10679
v -21.9765 6.65728 0.425361
v -17.9136 7.49004 -6.57058
v -14.3554 6.50645 -5.19795
v -18.1032 7.37837 -8.45496
v -18.3184 7.48446 0.544607
v 18.4656 5.71879 -14.1998
v 1.82491 -1.75367 -11.7641
v -3.47373 -4.53361 12.6674
v -13.084 4.50888 -0.767342
v -11.5042 2.30173 -3.57741
v -4.98446 3.93614 -11.7371
v -6.06772 -2.92794 10.6706
v -11.8706 1.62003 0.412909
v -11.4837 -1.8993 -3.29206
v -8.11056 -1.17493 8.57293
v -11.0096 -0.375218 -3.96869
v -12.0861 -2.48241 0.87775
v 10.729 -5.41233 8.79148
v -2.75014 4.40672 12.7645
v -13.4549 -5.45739 -3.54256
v -12.3323 -4.24594 -3.97222
v -17.7138 -7.47046 -3.87123
v -22.4525 6.30969 2.07908
v -14.7384 -6.46867 -3.62743
v -19.8343 -7.37749 3.00535
v -21.1237 -6.80362 -4.99845
v -23.7044 -4.32875 -6.13389
v 20.9756 5.70294 -10.1342
v -21.7071 -6.74101 2.44326
v -24.4185 -2.77795 -6.59024
v -24.7419 0.601719 -7.24768
v -22.5838 -5.23771 -7.39126
v -25.3231 -2.4024 2.13524
v -24.1158 2.16134 8.30404
v -22.6762 5.18352 7.28825
v -24.7598 -0.706734 7.11353
v -19.6824 2.82959 15.8562
v -21.4639 6.35538 6.64967
v 24.4752 4.33059 -1.01582
v -23.798 4.2461 6.02942
v -17.4514 6.76333 13.0355
v -18.4059 7.48265 5.41105
v -14.8868 6.60236 4.03353
v -19.6465 7.3619 4.17954
v -14.5947 7.49596 11.7877
v 22.7962 5.55515 -5.5573
v 18.0123 7.27055 -9.73688
v 23.6407 5.24613 -2.46917
v -11.0968 4.898 7.53494
v -11.4426 2.29627 3.76165
v 22.1729 6.48656 -2.13985
v -0.821095 0.624945 -11.7064
v -9.37112 1.87027 7.40329
v -11.1559 -1.68474 4.11747
v -6.17284 1.13534 10.0374
v -11.229 -0.225574 3.25916
v -9.1286 -2.27012 7.86409
v -12.286 -5.09066 5.77005
v -8.79692 2.95552 8.56543
v -12.2661 -4.19128 4.05588
v -13.2901 -5.06122 2.67399
v -16.8139 -7.48484 7.22183
v 7.45051 -6.10177 12.6093
v -14.3141 -6.55644 5.51675
v -13.9819 -7.43017 13.8262
v -20.046 -6.78097 8.44155
v -22.7438 -4.37215 8.98056
v 19.8317 1.11596 -16.4118
v -16.533 -6.37678 15.1646
v -23.5916 -2.8738 8.98706
v -24.2952 0.472674 8.65498
v -22.4896 -5.36905 7.26473
v -19.3043 -2.197 16.6569
v -14.5812 2.41009 20.8034
v -13.8805 5.48851 18.9899
v -15.8524 -0.469506 20.3489
v -6.73636 2.89967 24.3267
v 2.21533 2.29401 11.8465
v 22.8084 1.04222 -11.9467
v -15.58 4.49878 18.7237
v -6.34416 6.77197 20.8235
v -12.1434 7.34137 16.1462
v -9.50098 6.80368 12.6006
v -13.4462 7.33267 15.0844
v -5.05016 7.49534 18.0273
v -7.4871 6.57384 13.411
v 2.00376 2.39995 -11.9179
v -13.3713 7.30321 10.7399
v -4.56749 5.0459 12.7254
v -7.08377 2.54204 9.83407
v -16.7017 -7.48371 -7.49402
v -10.3522 6.29887 10.7719
v -3.26769 1.99032 11.5158
v -6.53547 -1.52757 9.88624
v -1.44941 6.08701 -14.5552
v -7.13938 -0.0152645 9.27529
v -2.76558 -2.19541 11.7023
v -6.50222 -5.01487 11.828
v -8.1416 3.94224 9.82515
v -7.46072 -4.09177 10.4506
v 5.02267 7.11471 -15.7243
v -9.21962 -7.47029 15.6172
v -23.7307 5.16012 2.43515
v -8.28273 -6.47529 12.7438
v -3.20334 -7.43119 19.3909
v -11.2718 -6.79042 18.5812
v -13.1629 -4.28926 20.6819
v 25.6973 -0.745979 -1.89579
v -4.51448 -6.37845 21.9718
v -13.8302 -2.72227 21.2082
v -14.5507 0.698159 21.2599
v -13.9926 -5.20489 19.247
v -5.9197 -2.18806 24.8044
v 0.405461 2.35851 25.4225
v -0.114852 5.33507 23.67
v -0.917661 -0.502557 25.7805
v 8.87108 2.94451 23.6082
v -0.512434 6.30587 22.547
v 24.8029 0.930264 -6.91624
v -1.72401 4.34996 24.4126
v 7.10096 6.74999 20.6237
v -0.0701456 7.43645 19.6104
v -0.121483 6.77108 15.7149
v -1.80887 7.32448 20.1596
v 6.74971 7.49589 17.5237
v -12.2153 6.65952 9.58752
v 2.27729 5.90799 -14.259
v -10.8612 5.67333 9.11087
v 3.91701 5.0755 12.9753
v 0.0488021 2.57536 12.1291
v 0.733991 3.41191 -12.4585
v -6.67265 7.27334 19.3288
v 4.09649 2.00102 11.2494
v 0.476943 -1.49332 11.8341
v 4.27196 6.33564 -14.3655
v -0.36328 0.0379965 11.7007
v 4.55741 -2.20416 11.1338
v 1.654 -5.01142 13.3934
v 20.5167 5.34117 -11.8089
v 0.0767224 -4.07184 12.8273
v 3.56222 5.19686 -13.2042
v 1.69799 -7.47072 18.0624
v 8.7849 -1.86832 8.05609
v 0.769501 -6.4732 15.1766
v 8.79157 -7.42878 17.5996
v 1.77501 -6.78868 21.6647
v 1.475 -4.29301 24.4677
v 23.6137 3.65459 -7.93036
v 9.25595 -6.36582 20.4527
v 1.24384 -2.73259 25.2835
v 0.694304 0.664574 25.7598
v -0.0484385 -5.20824 23.7916
v 9.80084 -2.15247 23.5582
v 15.2362 2.40885 20.3298
v 13.672 5.47538 19.1608
v 14.404 -0.451397 21.3969
v 21.0722 2.93742 13.8622
v 12.6277 6.60842 18.0951
v 25.5644 0.392794 -3.48695
v 12.8866 4.55295 20.6241
v 17.7366 6.81329 12.4734
v 4.68346 -2.16046 25.081
v 9.32152 6.85889 12.8822
v 2.52213 -1.82948 11.6508
v 15.2278 7.49882 10.6056
v 3.50116 -3.20083 11.8831
v -6.45453 7.39969 -18.8378
v -10.6366 7.32764 13.573
v 10.5984 4.86768 8.1837
v 7.10047 2.53654 9.81804
v 25.3298 2.12289 -3.15668
v 25.5414 -0.673211 3.49086
v 9.86661 1.83249 6.7113
v 7.24661 -1.5221 9.3819
v -13.9125 7.46532 13.5309
v 6.49775 0.0102532 9.73268
v 10.1556 -2.23964 6.4847
v 9.1447 -5.02942 9.95449
v -6.70555 5.81119 22.2053
v 7.51874 -4.09174 10.4238
v 1.637 7.46123 -19.3736
v 11.9693 -7.47074 13.6368
v -19.9746 7.15214 5.9661
v 9.50713 -6.48167 11.8771
v 17.377 -7.43974 9.01954
v 14.1584 -6.78643 16.4991
v 15.5743 -4.28165 18.9394
v 25.2267 -2.38073 3.16298
v 19.4606 -6.4079 11.0641
v 15.8689 -2.71434 19.7339
v 15.6888 0.702134 20.4335
v 13.9431 -5.19452 19.2942
v 21.7705 -2.20476 13.2663
v 24.3811 2.19948 7.4359
v 22.603 5.19043 7.4959
v 24.2396 -0.602353 8.78352
v 25.2929 2.72419 -1.29618
v 21.2417 6.36736 7.27719
v 19.7898 -1.0352 16.4931
v 22.7047 4.33816 9.15686
v 21.6634 6.82409 -0.624935
v 18.2015 7.47574 6.2268
v 14.6217 6.65225 5.0835
v 18.3541 7.37019 8.06264
v 18.3891 7.49055 -1.06418
v -11.1013 5.85176 20.2966
v -14.8898 -6.86623 -5.59472
v -19.2313 4.36094 15.138
v 13.2439 4.67146 0.443434
v 11.4519 2.27769 3.71363
v 1.09911 7.11356 -16.4738
v -14.9783 5.83052 17.661
v 11.8487 1.53719 -0.426662
v 11.4063 -1.70432 3.39965
v 22.7723 -1.10646 11.9914
v 10.9669 -0.185961 4.05373
v 12.185 -2.71915 -0.51737
v 23.4853 -5.40966 2.42937
v -13.104 6.64063 17.6938
v 12.1132 -4.10462 4.3115
v 13.0583 -4.78245 -2.62298
v 17.5064 -7.45171 3.90481
v 9.71339 -3.2244 7.70756
v 14.4833 -6.35657 3.86272
v 3.49421 7.48978 -18.8314
v 21.0097 -6.86741 4.91153
v 23.6472 -4.42875 6.05549
v 22.1216 -6.52596 2.06258
v 21.7069 -6.71654 -2.71607
v 24.3842 -2.87582 6.53523
v 24.7549 0.514439 7.23852
v 22.539 -5.30453 7.31926
v 25.2952 -2.46426 -2.16551
v 24.6831 3.77118 -2.80632
v 24.6961 3.82518 2.32812
v 22.5511 2.7369 -11.4968
v 21.9397 4.31953 -10.8961
v 20.2069 7.3233 -1.94148
v -9.5895 -1.03853 23.9103
v 19.7796 6.7543 -9.15431
v -7.66325 5.73726 -21.9802
v -17.6785 5.31861 15.7845
v 17.2103 7.35854 2.53123
v 16.6501 7.49773 -8.47191
v 14.5618 6.861 -6.36351
v -16.8295 6.47959 14.6192
v 12.7537 4.16434 1.77735
v -6.5595 1.22466 24.8618
v -3.05153 5.72654 -23.0706
v -11.5389 1.27711 22.9527
v 11.6779 0.412465 0.821215
v 10.5146 1.83154 -5.64218
v -19.7303 -0.517403 16.6409
v -16.0112 1.26046 20.0899
v 12.5879 -3.69184 0.966649
v 10.5897 -2.28252 -5.76079
v -9.71572 5.43963 21.4851
v 14.1315 -5.98417 -3.2081
v -14.372 4.03124 20.0419
v 11.2867 -5.09337 -7.57811
v 12.1524 -6.24718 -8.59566
v 6.68523 4.39015 -23.5214
v 19.753 -7.42512 0.509248
v 16.6491 -7.49901 -9.21191
v 18.4221 -5.62625 14.4179
v 22.6756 -5.92355 -4.14173
v 23.1357 -5.85312 0.630297
v 19.1232 -6.44476 -11.5637
v 20.3734 -5.427 -11.9045
v 25.392 -1.34975 -3.77098
v 25.6502 -1.27108 1.59407
v 22.2342 -2.39627 -12.3177
v 22.6928 -0.692926 -12.2221
v 18.2708 3.87981 -16.7259
v 21.3463 3.86046 -12.5905
v 11.5275 2.83785 -22.4811
v 11.3778 4.39319 -21.6316
v 15.4843 7.09722 -14.1976
v 2.00899 5.66793 -23.2595
v 10.6762 6.77822 -18.9438
v -3.32437 7.27719 -20.1628
v -18.6376 0.642678 17.8187
v 14.7529 7.23952 -8.20235
v 8.77246 7.49501 -16.4917
v 8.36218 6.88779 -13.5723
v -18.5879 2.32554 17.3795
v -19.1556 7.47302 2.35467
v -18.6173 -3.79103 16.4266
v 20.9054 -5.74443 10.1699
v -21.6258 -3.80934 12.1722
v 9.96009 0.278397 -6.11883
v 5.17486 1.80328 -10.7448
v -23.3847 -5.50112 2.50346
v -23.5793 -3.98888 7.31658
v 10.7386 -3.72939 -6.6759
v 5.13873 -2.32666 -10.9195
v -21.9617 0.568457 13.5457
v 9.55132 -6.02847 -10.9634
v -24.1138 -1.22948 8.88303
v 4.66536 -5.13218 -12.8046
v 4.80796 -6.28029 -14.1306
v 5.0005 5.34358 -23.1408
v 16.361 -7.41486 -11.236
v 8.17559 -7.49571 -17.2315
v 20.5214 -7.23867 1.75868
v 15.999 -5.79016 -16.8008
v 19.0656 -5.80768 -13.2165
v 8.75402 -6.42061 -20.5991
v 9.55172 -5.38654 -21.6173
v 18.3277 -1.19259 -18.0345
v 21.6733 -1.23447 -13.8295
v 10.7988 -2.31915 -23.045
v 11.2249 -0.600216 -23.223
v 4.99665 3.89204 -24.2539
v 9.9047 3.91114 -22.6818
v -3.83501 2.81754 -24.9818
v -3.44341 4.37353 -24.2137
v 4.28837 7.11068 -20.5267
v 5.0403 6.38483 -21.8634
v -2.36511 6.76604 -21.6378
v -9.40325 1.07379 -23.9695
v -23.947 -4.59435 4.06445
v 7.41743 7.23613 -15.1785
v -2.40079 7.49656 -18.5133
v -1.08337 6.88062 -15.8817
v -24.8759 -3.00142 3.93361
v -1.31533 -6.08787 14.5627
v -15.4404 -7.12174 14.1421
v -4.20814 1.12423 -25.3847
v 18.7828 -7.49823 2.35049
v 4.42472 0.242327 -10.8204
v -2.10921 1.83455 -11.7453
v 6.15544 -0.603443 -25.0512
v -19.9123 -7.10317 6.62517
v 4.72757 -3.7702 -11.7507
v -2.37697 -2.36951 -11.8441
v -20.4334 -4.28313 13.5755
v 1.27129 -6.05745 -14.519
v -21.5665 -5.67875 8.88892
v -3.76495 -5.25371 -13.2029
v -4.51631 -6.3827 -14.3673
v 1.13406 1.14647 -25.6947
v 6.73318 -7.41075 -18.7
v -3.42374 -7.49326 -18.7935
v -4.17346 -7.11455 -20.5398
v 3.14787 -5.78007 -22.9949
v 7.73088 -5.78382 -21.8984
v -4.95726 -6.3951 -21.8637
v -4.92412 -5.36932 -23.13
v 4.28072 -1.18162 -25.3571
v 9.45664 -1.1768 -23.9241
v -4.76962 -2.32688 -24.9953
v -4.52789 -0.615928 -25.3899
v -10.1746 3.7798 -22.6592
v -5.25979 3.88805 -24.2011
v -17.6791 2.99777 -17.9415
v -16.8048 4.62357 -17.5158
v -8.20017 7.21762 -18.9671
v -4.76884 5.35744 -23.1739
v -14.4866 7.04326 -15.4634
v -0.0934188 3.96063 -24.7098
v 15.7734 -7.39242 12.2626
v -2.76879 7.22136 -16.6397
v -13.2315 7.47712 -14.0402
v -10.4231 7.08887 -12.716
v -21.2278 -6.85014 4.03542
v -4.08162 -3.19593 11.6945
v -11.9491 -7.22123 11.9073
v 4.59872 0.559968 -25.3885
v -15.4528 -7.18304 6.40111
v -2.77622 0.252004 -11.3553
v -8.65091 1.80724 -8.21337
v 10.0085 -7.47089 -16.5719
v -18.3647 -7.38755 7.83668
v -3.11029 -3.8185 -12.3042
v -9.04604 -2.29895 -7.97291
v -15.5916 -6.97088 4.17522
v -7.66085 -6.10123 -12.4699
v -18.3138 -7.49723 3.86302
v -10.9265 -5.09296 -8.08184
v -12.0951 -6.27769 -8.76203
v 4.83794 2.27673 -25.0035
v -5.37395 -7.39978 -19.2181
v -13.8875 -7.49414 -13.1239
v -15.4731 -7.09524 -14.2183
v -10.8995 -5.86491 -20.383
v -6.57805 -5.7773 -22.2781
v -16.8785 -6.3184 -14.9285
v -17.5921 -5.26152 -15.9585
v -11.4241 -1.23525 -23.0229
v -6.37819 -1.2026 -24.9149
v -18.5391 -2.19342 -17.51
v -18.5553 -0.47293 -17.9338
v -21.4846 3.88392 -12.328
v -18.3526 4.01394 -16.5088
v -24.954 2.81529 -4.01613
v -24.1003 4.37684 -4.14334
v 8.67483 2.18373 8.32012
v 5.33533 -3.94913 -24.1424
v -21.3917 6.76468 -4.08628
v -19.8362 7.32147 -4.07763
v -9.13217 -4.95631 9.88012
v -12.1611 7.38243 -12.6358
v -18.3339 7.49743 -3.36351
v -15.6507 6.96065 -3.87525
v -12.5494 -3.80526 1.84249
v -9.14219 4.1098 -9.01979
v 10.2208 -3.93559 -22.5237
v 17.4421 -5.43066 -15.8802
v -13.382 -7.16481 9.93424
v -9.02106 0.343294 -7.45292
v -11.8638 2.03929 -1.61233
v -13.0085 -6.09512 6.73792
v 14.5953 -4.01551 -19.8935
v 2.87701 0.827082 11.4003
v -11.9574 -2.19196 -1.25391
v 9.77494 0.564604 -23.881
v -13.5993 -6.10951 -5.42971
v -11.6494 0.107568 1.22864
v -14.0155 -5.5546 -0.416323
v -15.2835 -6.52231 -0.00694731
v 14.2011 -1.19141 -21.4295
v -15.6675 -7.39226 -12.4295
v -19.0247 -7.48692 -2.32975
v -20.722 -7.169 -1.87966
v -20.8973 -5.73604 -10.2064
v -18.4681 -5.61967 -14.3732
v -22.3143 -6.38757 -2.23093
v -23.6244 -5.25262 -2.54588
v -22.7797 -1.08232 -11.9913
v -19.7891 -1.03923 -16.4931
v -25.2699 -2.25916 -3.21887
v -25.5554 -0.573805 -3.53661
v -24.708 3.7369 2.78972
v -24.6735 3.84873 -2.41065
v -22.5904 2.74959 11.4069
v -21.9981 4.29746 10.8183
v -20.8906 7.11332 1.79059
v -20.1176 7.3285 -2.48917
v -19.7205 6.73513 9.36294
v -18.4435 7.30287 8.53958
v 14.8627 -6.23265 0.224495
v -16.865 7.28169 -2.49168
v -16.8383 7.49342 8.26297
v -15.1984 7.03384 5.89496
v -10.2931 -4.58162 8.2276
v -16.293 7.19917 4.01685
v -11.2326 -3.04453 5.04005
v 16.9971 -4.44058 -17.5145
v -11.6295 -1.38301 2.07706
v -11.6877 0.485423 -0.811147
v -10.5134 2.09168 5.76016
v -9.71543 4.3572 8.67908
v 13.5528 -5.06275 0.60158
v -12.5379 -3.55037 -0.464345
v -10.3002 -1.9558 6.05435
v -25.328 2.13861 3.13703
v -14.3986 -6.20187 3.37887
v 17.7781 -2.88619 -17.918
v -11.626 -5.44453 7.62252
v -12.3931 -6.45574 8.74267
v 8.55665 -7.13561 -19.0682
v -20.0186 -7.38228 -0.568938
v -16.8511 -7.48236 9.23858
v -17.8817 -7.15992 10.6904
v -22.655 -5.94785 4.09841
v -23.3369 -5.66631 -0.768063
v -19.3479 -6.37501 11.3794
v -20.6095 -5.22363 11.8851
v -25.4122 -1.30183 3.72402
v -25.674 -1.17454 -1.63504
v -22.347 -2.24261 12.2427
v -22.7636 -0.585425 12.1363
v -18.2676 3.90915 16.7011
v -21.4093 3.812 12.5477
v -11.5747 2.96179 22.3903
v -11.4279 4.50962 21.5071
v -15.733 7.25472 13.1898
v -17.633 7.32765 10.0052
v -10.3078 6.93068 18.8046
v -4.40728 -1.0799 25.364
v -10.8604 0.931331 4.4749
v -15.4148 7.33264 7.81514
v -9.27763 7.43922 17.2871
v -8.69315 7.21 14.3941
v -12.0577 2.6765 1.72206
v -11.4614 4.29442 6.07828
v -13.7304 6.3107 5.94007
v 14.5108 -7.30581 -14.24
v -16.7085 7.17821 -0.0724707
v -9.90368 0.664803 6.30525
v -5.1631 2.27422 10.8835
v -14.4473 6.07358 2.25455
v 13.3713 -6.04268 5.75004
v -10.2138 -3.27422 7.07142
v -4.74778 -1.83787 10.9402
v -12.237 3.67328 3.05159
v -9.63109 -6.10156 11.0289
v -15.1694 6.45892 0.331813
v -4.89495 -5.39286 12.9479
v -4.857 -6.42089 14.3034
v 8.42373 -4.43125 -22.9227
v -16.5482 -7.38367 11.2722
v -8.14185 -7.48927 17.3319
v -8.1913 -7.16705 19.1331
v -16.1407 -5.69406 16.8105
v -19.3627 -5.61981 13.1439
v -9.01714 -6.37762 20.5496
v -9.76241 -5.2156 21.7026
v -18.4097 -1.07114 17.998
v -21.7543 -1.11675 13.7617
v -10.9437 -2.16591 23.0458
v -11.3286 -0.456512 23.1845
v -5.11898 3.90643 24.2212
v -9.94761 4.02408 22.5832
v 3.77602 2.96881 24.9175
v 3.35156 4.53317 24.1057
v -4.93031 7.28067 19.8317
v -8.4648 7.16156 19.0286
v 2.73236 6.94723 21.2337
v 4.84379 -5.20812 23.3063
v -13.8212 5.38847 0.707008
v -8.11363 7.44249 15.9703
v 2.84533 7.44862 19.3137
v 1.62861 7.17742 16.6181
v -16.3908 7.37586 11.4645
v -5.73104 4.49209 11.8065
v 12.033 -5.71444 -19.9453
v 14.5978 -6.81226 -16.0219
v -25.5722 0.434571 3.45451
v -4.32925 0.81274 10.9315
vn 0 0 0
vn 0 0 0
vn 0 0 0
vn 0 0 0
vn 0 0 0
vn 0 0 0
vn 0 0 0
vn 0 0 0
vn 0 0 0
vn 0 0 0
vn 0 0 0
vn 0 0 0
vn 0 0 0
vn 0 0 0
vn 0 0 0
vn 0 0 0
vn 0 0 0
vn 0 0 0
vn 0 0 0
vn 0 0 0
vn 0 0 0
vn 0 0 0
vn 0 0 0
vn 0 0 0
vn 0 0 0
vn 0 0 0
vn 0 0 0
vn 0 0 0
vn 0 0 0
vn 0 0 0
vn 0 0 0
vn 0 0 0
vn 0 0 0
vn 0 0 0
vn 0 0 0
vn 0 0 0
vn 0 0 0
vn 0 0 0
vn 0 0 0
vn 0 0 0
vn 0 0 0
vn 0 0 0
vn 0 0 0
vn 0 0 0
vn 0 0 0
vn 0 0 0
vn 0 0 0
vn 0 0 0
vn 0 0 0
vn 0 0 0
vn 0 0 0
vn 0 0 0
vn 0 0 0
vn 0 0 0
vn 0 0 0
vn 0 0 0
vn 0 0 0
vn 0 0 0
vn 0 0 0
vn 0 0 0
vn 0 0 0
vn 0 0 0
vn 0 0 0
vn 0 0 0
vn 0 0 0
vn 0 0 0
vn 0 0 0
vn 0 0 0
vn 0 0 0
vn 0 0 0
vn 0 0 0
vn 0 0 0
vn 0 0 0
vn 0 0 0
vn 0 0 0
vn 0 0 0
vn 0 0 0
vn 0 0 0
vn 0 0 0
vn 0 0 0
vn 0 0 0
vn 0 0 0
vn 0 0 0
vn 0 0 0
vn 0 0 0
vn 0 0 0
vn 0 0 0
vn 0 0 0
vn 0 0 0
vn 0 0 0
vn 0 0 0
vn 0 0 0
vn 0 0 0
vn 0 0 0
vn 0 0 0
vn 0 0 0
vn 0 0 0
vn 0 0 0
vn 0 0 0
vn 0 0 0
vn 0 0 0
vn 0 0 0
vn 0 0 0
vn 0 0 0
vn 0 0 0
vn 0 0 0
vn 0 0 0
vn 0 0 0
vn 0 0 0
vn 0 0 0
vn 0 0 0
vn 0 0 0
vn 0 0 0
vn 0 0 0
vn 0 0 0
vn 0 0 0
vn 0 0 0
vn 0 0 0
vn 0 0 0
vn 0 0 0
vn 0 0 0
vn 0 0 0
vn 0 0 0
vn 0 0 0
vn 0 0 0
vn 0 0 0
vn 0 0 0
vn 0 0 0
vn 0 0 0
vn 0 0 0
vn 0 0 0
vn 0 0 0
vn 0 0 0
vn 0 0 0
vn 0 0 0
vn 0 0 0
vn 0 0 0
vn 0 0 0
vn 0 0 0
vn 0 0 0
vn 0 0 0
vn 0 0 0
vn 0 0 0
vn 0 0 0
vn 0 0 0
vn 0 0 0
vn 0 0 0
vn 0 0 0
vn 0 0 0
vn 0 0 0
vn 0 0 0
vn 0 0 0
vn 0 0 0
vn 0 0 0
vn 0 0 0
vn 0 0 0
vn 0 0 0
vn 0 0 0
vn 0 0 0
vn 0 0 0
vn 0 0 0
vn 0 0 0
vn 0 0 0
vn 0 0 0
vn 0 0 0
vn 0 0 0
vn 0 0 0
vn 0 0 0
vn 0 0 0
vn 0 0 0
vn 0 0 0
vn 0 0 0
vn 0 0 0
vn 0 0 0
vn 0 0 0
vn 0 0 0
vn 0 0 0
vn 0 0 0
vn 0 0 0
vn 0 0 0
vn 0 0 0
vn 0 0 0
vn 0 0 0
vn 0 0 0
vn 0 0 0
vn 0 0 0
vn 0 0 0
vn 0 0 0
vn 0 0 0
vn 0 0 0
vn 0 0 0
vn 0 0 0
vn 0 0 0
vn 0 0 0
vn 0 0 0
vn 0 0 0
vn 0 0 0
vn 0 0 0
vn 0 0 0
vn 0 0 0
vn 0 0 0
vn 0 0 0
vn 0 0 0
vn 0 0 0
vn 0 0 0
vn 0 0 0
vn 0 0 0
vn 0 0 0
vn 0 0 0
vn 0 0 0
vn 0 0 0
vn 0 0 0
vn 0 0 0
vn 0 0 0
vn 0 0 0
vn 0 0 0
vn 0 0 0
vn 0 0 0
vn 0 0 0
vn 0 0 0
vn 0 0 0
vn 0 0 0
vn 0 0 0
vn 0 0 0
vn 0 0 0
vn 0 0 0
vn 0 0 0
vn 0 0 0
vn 0 0 0
vn 0 0 0
vn 0 0 0
vn 0 0 0
vn 0 0 0
vn 0 0 0
vn 0 0 0
vn 0 0 0
vn 0 0 0
vn 0 0 0
vn 0 0 0
vn 0 0 0
vn 0 0 0
vn 0 0 0
vn 0 0 0
vn 0 0 0
vn 0 0 0
vn 0 0 0
vn 0 0 0
vn 0 0 0
vn 0 0 0
vn 0 0 0
vn 0 0 0
vn 0 0 0
vn 0 0 0
vn 0 0 0
vn 0 0 0
vn 0 0 0
vn 0 0 0
vn 0 0 0
vn 0 0 0
vn 0 0 0
vn 0 0 0
vn 0 0 0
vn 0 0 0
vn 0 0 0
vn 0 0 0
vn 0 0 0
vn 0 0 0
vn 0 0 0
vn 0 0 0
vn 0 0 0
vn 0 0 0
vn 0 0 0
vn 0 0 0
vn 0 0 0
vn 0 0 0
vn 0 0 0
vn 0 0 0
vn 0 0 0
vn 0 0 0
vn 0 0 0
vn 0 0 0
vn 0 0 0
vn 0 0 0
vn 0 0 0
vn 0 0 0
vn 0 0 0
vn 0 0 0
vn 0 0 0
vn 0 0 0
vn 0 0 0
vn 0 0 0
vn 0 0 0
vn 0 0 0
vn 0 0 0
vn 0 0 0
vn 0 0 0
vn 0 0 0
vn 0 0 0
vn 0 0 0
vn 0 0 0
vn 0 0 0
vn 0 0 0
vn 0 0 0
vn 0 0 0
vn 0 0 0
vn 0 0 0
vn 0 0 0
vn 0 0 0
vn 0 0 0
vn 0 0 0
vn 0 0 0
vn 0 0 0
vn 0 0 0
vn 0 0 0
vn 0 0 0
vn 0 0 0
vn 0 0 0
vn 0 0 0
vn 0 0 0
vn 0 0 0
vn 0 0 0
vn 0 0 0
vn 0 0 0
vn 0 0 0
vn 0 0 0
vn 0 0 0
vn 0 0 0
vn 0 0 0
vn 0 0 0
vn 0 0 0
vn 0 0 0
vn 0 0 0
vn 0 0 0
vn 0 0 0
vn 0 0 0
vn 0 0 0
vn 0 0 0
vn 0 0 0
vn 0 0 0
vn 0 0 0
vn 0 0 0
vn 0 0 0
vn 0 0 0
vn 0 0 0
vn 0 0 0
vn 0 0 0
vn 0 0 0
vn 0 0 0
vn 0 0 0
vn 0 0 0
vn 0 0 0
vn 0 0 0
vn 0 0 0
vn 0 0 0
vn 0 0 0
vn 0 0 0
vn 0 0 0
vn 0 0 0
vn 0 0 0
vn 0 0 0
vn 0 0 0
vn 0 0 0
vn 0 0 0
vn 0 0 0
vn 0 0 0
vn 0 0 0
vn 0 0 0
vn 0 0 0
vn 0 0 0
vn 0 0 0
vn 0 0 0
vn 0 0 0
vn 0 0 0
vn 0 0 0
vn 0 0 0
vn 0 0 0
vn 0 0 0
vn 0 0 0
vn 0 0 0
vn 0 0 0
vn 0 0 0
vn 0 0 0
vn 0 0 0
vn 0 0 0
vn 0 0 0
vn 0 0 0
vn 0 0 0
vn 0 0 0
vn 0 0 0
vn 0 0 0
vn 0 0 0
vn 0 0 0
vn 0 0 0
vn 0 0 0
vn 0 0 0
vn 0 0 0
vn 0 0 0
vn 0 0 0
vn 0 0 0
vn 0 0 0
vn 0 0 0
vn 0 0 0
vn 0 0 0
vn 0 0 0
vn 0 0 0
vn 0 0 0
vn 0 0 0
vn 0 0 0
vn 0 0 0
vn 0 0 0
vn 0 0 0
vn 0 0 0
vn 0 0 0
vn 0 0 0
vn 0 0 0
vn 0 0 0
vn 0 0 0
vn 0 0 0
vn 0 0 0
vn 0 0 0
vn 0 0 0
vn 0 0 0
vn 0 0 0
vn 0 0 0
vn 0 0 0
vn 0 0 0
vn 0 0 0
vn 0 0 0
vn 0 0 0
vn 0 0 0
vn 0 0 0
vn 0 0 0
vn 0 0 0
vn 0 0 0
vn 0 0 0
vn 0 0 0
vn 0 0 0
vn 0 0 0
vn 0 0 0
vn 0 0 0
vn 0 0 0
vn 0 0 0
vn 0 0 0
vn 0 0 0
vn 0 0 0
vn 0 0 0
vn 0 0 0
vn 0 0 0
vn 0 0 0
vn 0 0 0
vn 0 0 0
vn 0 0 0
vn 0 0 0
vn 0 0 0
vn 0 0 0
vn 0 0 0
vn 0 0 0
vn 0 0 0
vn 0 0 0
vn 0 0 0
vn 0 0 0
vn 0 0 0
vn 0 0 0
vn 0 0 0
vn 0 0 0
vn 0 0 0
vn 0 0 0
vn 0 0 0
vn 0 0 0
vn 0 0 0
vn 0 0 0
vn 0 0 0
vn 0 0 0
vn 0 0 0
vn 0 0 0
vn 0 0 0
vn 0 0 0
vn 0 0 0
vn 0 0 0
vn 0 0 0
vn 0 0 0
vn 0 0 0
vn 0 0 0
vn 0 0 0
vn 0 0 0
vn 0 0 0
vn 0 0 0
vn 0 0 0
vn 0 0 0
vn 0 0 0
vn 0 0 0
vn 0 0 0
vn 0 0 0
vn 0 0 0
vn 0 0 0
vn 0 0 0
vn 0 0 0
vn 0 0 0
vn 0 0 0
vn 0 0 0
vn 0 0 0
vn 0 0 0
vn 0 0 0
vn 0 0 0
vn 0 0 0
vn 0 0 0
vn 0 0 0
vn 0 0 0
vn 0 0 0
vn 0 0 0
vn 0 0 0
vn 0 0 0
vn 0 0 0
vn 0 0 0
vn 0 0 0
vn 0 0 0
vn 0 0 0
vn 0 0 0
vn 0 0 0
vn 0 0 0
vn 0 0 0
vn 0 0 0
vn 0 0 0
vn 0 0 0
vn 0 0 0
vn 0 0 0
vn 0 0 0
vn 0 0 0
vn 0 0 0
vn 0 0 0
vn 0 0 0
vn 0 0 0
vn 0 0 0
vn 0 0 0
vn 0 0 0
vn 0 0 0
vn 0 0 0
vn 0 0 0
vn 0 0 0
vn 0 0 0
vn 0 0 0
vn 0 0 0
vn 0 0 0
vn 0 0 0
vn 0 0 0
vn 0 0 0
vn 0 0 0
vn 0 0 0
vn 0 0 0
vn 0 0 0
vn 0 0 0
vn 0 0 0
vn 0 0 0
vn 0 0 0
vn 0 0 0
vn 0 0 0
vn 0 0 0
vn 0 0 0
vn 0 0 0
vn 0 0 0
vn 0 0 0
vn 0 0 0
vn 0 0 0
vn 0 0 0
vn 0 0 0
vn 0 0 0
vn 0 0 0
vn 0 0 0
vn 0 0 0
vn 0 0 0
vn 0 0 0
vn 0 0 0
vn 0 0 0
vn 0 0 0
vn 0 0 0
vn 0 0 0
vn 0 0 0
vn 0 0 0
vn 0 0 0
vn 0 0 0
vn 0 0 0
vn 0 0 0
vn 0 0 0
vn 0 0 0
vn 0 0 0
vn 0 0 0
vn 0 0 0
vn 0 0 0
vn 0 0 0
vn 0 0 0
vn 0 0 0
vn 0 0 0
vn 0 0 0
vn 0 0 0
vn 0 0 0
vn 0 0 0
vn 0 0 0
vn 0 0 0
vn 0 0 0
vn 0 0 0
vn 0 0 0
vn 0 0 0
vn 0 0 0
vn 0 0 0
vn 0 0 0
vn 0 0 0
vn 0 0 0
vn 0 0 0
vn 0 0 0
vn 0 0 0
vn 0 0 0
vn 0 0 0
vn 0 0 0
vn 0 0 0
vn 0 0 0
vn 0 0 0
vn 0 0 0
vn 0 0 0
vn 0 0 0
vn 0 0 0
vn 0 0 0
vn 0 0 0
vn 0 0 0
vn 0 0 0
vn 0 0 0
vn 0 0 0
vn 0 0 0
vn 0 0 0
vn 0 0 0
vn 0 0 0
vn 0 0 0
vn 0 0 0
vn 0 0 0
vn 0 0 0
vn 0 0 0
vn 0 0 0
vn 0 0 0
vn 0 0 0
vn 0 0 0
vn 0 0 0
vn 0 0 0
vn 0 0 0
vn 0 0 0
vn 0 0 0
vn 0 0 0
vn 0 0 0
vn 0 0 0
vn 0 0 0
vn 0 0 0
vn 0 0 0
vn 0 0 0
vn 0 0 0
vn 0 0 0
vn 0 0 0
vn 0 0 0
vn 0 0 0
vn 0 0 0
vn 0 0 0
vn 0 0 0
vn 0 0 0
vn 0 0 0
vn 0 0 0
vn 0 0 0
vn 0 0 0
vn 0 0 0
vn 0 0 0
vn 0 0 0
vn 0 0 0
vn 0 0 0
vn 0 0 0
vn 0 0 0
vn 0 0 0
vn 0 0 0
vn 0 0 0
vn 0 0 0
vn 0 0 0
vn 0 0 0
vn 0 0 0
vn 0 0 0
vn 0 0 0
vn 0 0 0
vn 0 0 0
vn 0 0 0
vn 0 0 0
vn 0 0 0
vn 0 0 0
vn 0 0 0
vn 0 0 0
vn 0 0 0
vn 0 0 0
vn 0 0 0
vn 0 0 0
vn 0 0 0
vn 0 0 0
vn 0 0 0
vn 0 0 0
vn 0 0 0
vn 0 0 0
vn 0 0 0
vn 0 0 0
vn 0 0 0
vn 0 0 0
vn 0 0 0
vn 0 0 0
vn 0 0 0
vn 0 0 0
vn 0 0 0
vn 0 0 0
vn 0 0 0
vn 0 0 0
vn 0 0 0
vn 0 0 0
vn 0 0 0
vn 0 0 0
vn 0 0 0
vn 0 0 0
vn 0 0 0
vn 0 0 0
vn 0 0 0
vn 0 0 0
vn 0 0 0
vn 0 0 0
vn 0 0 0
vn 0 0 0
vn 0 0 0
vn 0 0 0
vn 0 0 0
vn 0 0 0
vn 0 0 0
vn 0 0 0
vn 0 0 0
vn 0 0 0
vn 0 0 0
vn 0 0 0
vn 0 0 0
vn 0 0 0
vn 0 0 0
vn 0 0 0
vn 0 0 0
vn 0 0 0
vn 0 0 0
vn 0 0 0
vn 0 0 0
vn 0 0 0
vn 0 0 0
vn 0 0 0
vn 0 0 0
vn 0 0 0
vn 0 0 0
vn 0 0 0
vn 0 0 0
vn 0 0 0
vn 0 0 0
vn 0 0 0
vn 0 0 0
vn 0 0 0
vn 0 0 0
vn 0 0 0
vn 0 0 0
vn 0 0 0
vn 0 0 0
vn 0 0 0
vn 0 0 0
vn 0 0 0
vn 0 0 0
vn 0 0 0
vn 0 0 0
vn 0 0 0
vn 0 0 0
vn 0 0 0
vn 0 0 0
vn 0 0 0
vn 0 0 0
vn 0 0 0
vn 0 0 0
vn 0 0 0
vn 0 0 0
vn 0 0 0
vn 0 0 0
vn 0 0 0
vn 0 0 0
vn 0 0 0
vn 0 0 0
vn 0 0 0
vn 0 0 0
vn 0 0 0
vn 0 0 0
vn 0 0 0
vn 0 0 0
vn 0 0 0
vn 0 0 0
vn 0 0 0
vn 0 0 0
vn 0 0 0
vn 0 0 0
vn 0 0 0
vn 0 0 0
vn 0 0 0
vn 0 0 0
vn 0 0 0
vn 0 0 0
vn 0 0 0
vn 0 0 0
vn 0 0 0
vn 0 0 0
vn 0 0 0
vn 0 0 0
vn 0 0 0
vn 0 0 0
vn 0 0 0
vn 0 0 0
vn 0 0 0
vn 0 0 0
vn 0 0 0
vn 0 0 0
vn 0 0 0
vn 0 0 0
vn 0 0 0
vn 0 0 0
vn 0 0 0
vn 0 0 0
vn 0 0 0
vn 0 0 0
vn 0 0 0
vn 0 0 0
vn 0 0 0
vn 0 0 0
vn 0 0 0
vn 0 0 0
vn 0 0 0
vn 0 0 0
vn 0 0 0
vn 0 0 0
vn 0 0 0
vn 0 0 0
vn 0 0 0
vn 0 0 0
vn 0 0 0
vn 0 0 0
vn 0 0 0
vn 0 0 0
vn 0 0 0
vn 0 0 0
vn 0 0 0
vn 0 0 0
vn 0 0 0
vn 0 0 0
vn 0 0 0
vn 0 0 0
vn 0 0 0
vn 0 0 0
vn 0 0 0
vn 0 0 0
vn 0 0 0
vn 0 0 0
vn 0 0 0
vn 0 0 0
vn 0 0 0
vn 0 0 0
vn 0 0 0
vn 0 0 0
vn 0 0 0
vn 0 0 0
vn 0 0 0
vn 0 0 0
vn 0 0 0
vn 0 0 0
vn 0 0 0
vn 0 0 0
vn 0 0 0
vn 0 0 0
vn 0 0 0
vn 0 0 0
vn 0 0 0
vn 0 0 0
vn 0 0 0
vn 0 0 0
vn 0 0 0
vn 0 0 0
vn 0 0 0
vn 0 0 0
vn 0 0 0
vn 0 0 0
vn 0 0 0
vn 0 0 0
vn 0 0 0
vn 0 0 0
vn 0 0 0
vn 0 0 0
vn 0 0 0
vn 0 0 0
vn 0 0 0
vn 0 0 0
vn 0 0 0
vn 0 0 0
vn 0 0 0
vn 0 0 0
vn 0 0 0
vn 0 0 0
vn 0 0 0
vn 0 0 0
vn 0 0 0
vn 0 0 0
vn 0 0 0
vn 0 0 0
vn 0 0 0
vn 0 0 0
vn 0 0 0
vn 0 0 0
vn 0 0 0
vn 0 0 0
vn 0 0 0
vn 0 0 0
vn 0 0 0
vn 0 0 0
vn 0 0 0
vn 0 0 0
vn 0 0 0
vn 0 0 0
vn 0 0 0
vn 0 0 0
vn 0 0 0
vn 0 0 0
vn 0 0 0
vn 0 0 0
vn 0 0 0
vn 0 0 0
vn 0 0 0
vn 0 0 0
vn 0 0 0
vn 0 0 0
vn 0 0 0
vn 0 0 0
vn 0 0 0
vn 0 0 0
vn 0 0 0
vn 0 0 0
vn 0 0 0
vn 0 0 0
vn 0 0 0
vn 0 0 0
vn 0 0 0
vn 0 0 0
vn 0 0 0
vn 0 0 0
vn 0 0 0
vn 0 0 0
vn 0 0 0
vn 0 0 0
vn 0 0 0
vn 0 0 0
vn 0 0 0
vn 0 0 0
vn 0 0 0
vn 0 0 0
vn 0 0 0
vn 0 0 0
vn 0 0 0
vn 0 0 0
vn 0 0 0
vn 0 0 0
vn 0 0 0
vn 0 0 0
vn 0 0 0
vn 0 0 0
vn 0 0 0
vn 0 0 0
vn 0 0 0
vn 0 0 0
vn 0 0 0
vn 0 0 0
vn 0 0 0
vn 0 0 0
vn 0 0 0
vn 0 0 0
vn 0 0 0
vn 0 0 0
vn 0 0 0
vn 0 0 0
vn 0 0 0
vn 0 0 0
vn 0 0 0
vn 0 0 0
vn 0 0 0
vn 0 0 0
vn 0 0 0
vn 0 0 0
vn 0 0 0
vn 0 0 0
vn 0 0 0
vn 0 0 0
vn 0 0 0
vn 0 0 0
vn 0 0 0
vn 0 0 0
vn 0 0 0
vn 0 0 0
vn 0 0 0
vn 0 0 0
vn 0 0 0
vn 0 0 0
vn 0 0 0
vn 0 0 0
vn 0 0 0
vn 0 0 0
vn 0 0 0
vn 0 0 0
vn 0 0 0
vn 0 0 0
vn 0 0 0
vn 0 0 0
vn 0 0 0
vn 0 0 0
vn 0 0 0
vn 0 0 0
vn 0 0 0
vn 0 0 0
vn 0 0 0
vn 0 0 0
vn 0 0 0
vn 0 0 0
vn 0 0 0
vn 0 0 0
vn 0 0 0
vn 0 0 0
vn 0 0 0
vn 0 0 0
vn 0 0 0
vn 0 0 0
vn 0 0 0
vn 0 0 0
vn 0 0 0
vn 0 0 0
vn 0 0 0
vn 0 0 0
vn 0 0 0
vn 0 0 0
vn 0 0 0
vn 0 0 0
vn 0 0 0
vn 0 0 0
vn 0 0 0
vn 0 0 0
vn 0 0 0
vn 0 0 0
vn 0 0 0
vn 0 0 0
vn 0 0 0
vn 0 0 0
vn 0 0 0
vn 0 0 0
vn 0 0 0
vn 0 0 0
vn 0 0 0
vn 0 0 0
vn 0 0 0
vn 0 0 0
vn 0 0 0
vn 0 0 0
vn 0 0 0
vn 0 0 0
vn 0 0 0
vn 0 0 0
vn 0 0 0
vn 0 0 0
vn 0 0 0
vn 0 0 0
vn 0 0 0
vn 0 0 0
vn 0 0 0
vn 0 0 0
vn 0 0 0
vn 0 0 0
vn 0 0 0
vn 0 0 0
vn 0 0 0
vn 0 0 0
vn 0 0 0
vn 0 0 0
vn 0 0 0
vn 0 0 0
vn 0 0 0
vn 0 0 0
vn 0 0 0
vn 0 0 0
vn 0 0 0
vn 0 0 0
vn 0 0 0
vn 0 0 0
vn 0 0 0
vn 0 0 0
vn 0 0 0
vn 0 0 0
vn 0 0 0
vn 0 0 0
vn 0 0 0
vn 0 0 0
vn 0 0 0
vn 0 0 0
vn 0 0 0
vn 0 0 0
vn 0 0 0
vn 0 0 0
vn 0 0 0
vn 0 0 0
vn 0 0 0
vn 0 0 0
vn 0 0 0
vn 0 0 0
vn 0 0 0
vn 0 0 0
vn 0 0 0
vn 0 0 0
vn 0 0 0
vn 0 0 0
vn 0 0 0
vn 0 0 0
vn 0 0 0
vn 0 0 0
vn 0 0 0
vn 0 0 0
vn 0 0 0
vn 0 0 0
vn 0 0 0
vn 0 0 0
vn 0 0 0
vn 0 0 0
vn 0 0 0
vn 0 0 0
vn 0 0 0
vn 0 0 0
vn 0 0 0
vn 0 0 0
vn 0 0 0
vn 0 0 0
vn 0 0 0
vn 0 0 0
vn 0 0 0
vn 0 0 0
vn 0 0 0
vn 0 0 0
vn 0 0 0
vn 0 0 0
vn 0 0 0
vn 0 0 0
vn 0 0 0
vn 0 0 0
vn 0 0 0
vn 0 0 0
vn 0 0 0
vn 0 0 0
vn 0 0 0
vn 0 0 0
vn 0 0 0
vn 0 0 0
vn 0 0 0
vn 0 0 0
vn 0 0 0
vn 0 0 0
vn 0 0 0
vn 0 0 0
vn 0 0 0
vn 0 0 0
vn 0 0 0
vn 0 0 0
vn 0 0 0
vn 0 0 0
vn 0 0 0
vn 0 0 0
vn 0 0 0
vn 0 0 0
vn 0 0 0
vn 0 0 0
vn 0 0 0
vn 0 0 0
vn 0 0 0
vn 0 0 0
vn 0 0 0
vn 0 0 0
vn 0 0 0
vn 0 0 0
vn 0 0 0
vn 0 0 0
vn 0 0 0
vn 0 0 0
vn 0 0 0
vn 0 0 0
vn 0 0 0
vn 0 0 0
vn 0 0 0
vn 0 0 0
vn 0 0 0
vn 0 0 0
vn 0 0 0
vn 0 0 0
vn 0 0 0
vn 0 0 0
vn 0 0 0
vn 0 0 0
vn 0 0 0
vn 0 0 0
vn 0 0 0
vn 0 0 0
vn 0 0 0
vn 0 0 0
vn 0 0 0
vn 0 0 0
vn 0 0 0
vn 0 0 0
vn 0 0 0
vn 0 0 0
vn 0 0 0
vn 0 0 0
vn 0 0 0
vn 0 0 0
vn 0 0 0
vn 0 0 0
vn 0 0 0
vn 0 0 0
vn 0 0 0
vn 0 0 0
vn 0 0 0
vn 0 0 0
vn 0 0 0
vn 0 0 0
vn 0 0 0
vn 0 0 0
vn 0 0 0
vn 0 0 0
vn 0 0 0
vn 0 0 0
vn 0 0 0
vn 0 0 0
vn 0 0 0
vn 0 0 0
vn 0 0 0
vn 0 0 0
vn 0 0 0
vn 0 0 0
vn 0 0 0
vn 0 0 0
vn 0 0 0
vn 0 0 0
vn 0 0 0
vn 0 0 0
vn 0 0 0
vn 0 0 0
vn 0 0 0
vn 0 0 0
vn 0 0 0
vn 0 0 0
vn 0 0 0
vn 0 0 0
vn 0 0 0
vn 0 0 0
vn 0 0 0
vn 0 0 0
vn 0 0 0
vn 0 0 0
vn 0 0 0
vn 0 0 0
vn 0 0 0
vn 0 0 0
vn 0 0 0
vn 0 0 0
vn 0 0 0
vn 0 0 0
vn 0 0 0
vn 0 0 0
vn 0 0 0
vn 0 0 0
vn 0 0 0
vn 0 0 0
vn 0 0 0
vn 0 0 0
vn 0 0 0
vn 0 0 0
vn 0 0 0
vn 0 0 0
vn 0 0 0
vn 0 0 0
vn 0 0 0
vn 0 0 0
vn 0 0 0
vn 0 0 0
vn 0 0 0
vn 0 0 0
vn 0 0 0
vn 0 0 0
vn 0 0 0
vn 0 0 0
vn 0 0 0
vn 0 0 0
vn 0 0 0
vn 0 0 0
vn 0 0 0
vn 0 0 0
vn 0 0 0
vn 0 0 0
vn 0 0 0
vn 0 0 0
vn 0 0 0
vn 0 0 0
vn 0 0 0
vn 0 0 0
vn 0 0 0
vn 0 0 0
vn 0 0 0
vn 0 0 0
vn 0 0 0
vn 0 0 0
vn 0 0 0
vn 0 0 0
vn 0 0 0
vn 0 0 0
vn 0 0 0
vn 0 0 0
vn 0 0 0
vn 0 0 0
vn 0 0 0
vn 0 0 0
vn 0 0 0
vn 0 0 0
vn 0 0 0
vn 0 0 0
vn 0 0 0
vn 0 0 0
vn 0 0 0
vn 0 0 0
vn 0 0 0
vn 0 0 0
vn 0 0 0
vn 0 0 0
vn 0 0 0
vn 0 0 0
vn 0 0 0
vn 0 0 0
vn 0 0 0
vn 0 0 0
vn 0 0 0
vn 0 0 0
vn 0 0 0
vn 0 0 0
vn 0 0 0
vn 0 0 0
vn 0 0 0
vn 0 0 0
vn 0 0 0
vn 0 0 0
vn 0 0 0
vn 0 0 0
vn 0 0 0
vn 0 0 0
vn 0 0 0
vn 0 0 0
vn 0 0 0
vn 0 0 0
vn 0 0 0
vn 0 0 0
vn 0 0 0
vn 0 0 0
vn 0 0 0
vn 0 0 0
vn 0 0 0
vn 0 0 0
vn 0 0 0
vn 0 0 0
vn 0 0 0
vn 0 0 0
vn 0 0 0
vn 0 0 0
vn 0 0 0
vn 0 0 0
vn 0 0 0
vn 0 0 0
vn 0 0 0
vn 0 0 0
vn 0 0 0
vn 0 0 0
vn 0 0 0
vn 0 0 0
vn 0 0 0
vn 0 0 0
vn 0 0 0
vn 0 0 0
vn 0 0 0
vn 0 0 0
vn 0 0 0
vn 0 0 0
vn 0 0 0
vn 0 0 0
vn 0 0 0
vn 0 0 0
vn 0 0 0
vn 0 0 0
vn 0 0 0
vn 0 0 0
vn 0 0 0
vn 0 0 0
vn 0 0 0
vn 0 0 0
vn 0 0 0
vn 0 0 0
vn 0 0 0
vn 0 0 0
vn 0 0 0
vn 0 0 0
vn 0 0 0
vn 0 0 0
vn 0 0 0
vn 0 0 0
vn 0 0 0
vn 0 0 0
vn 0 0 0
vn 0 0 0
vn 0 0 0
vn 0 0 0
vn 0 0 0
vn 0 0 0
vn 0 0 0
vn 0 0 0
vn 0 0 0
vn 0 0 0
vn 0 0 0
vn 0 0 0
vn 0 0 0
vn 0 0 0
vn 0 0 0
vn 0 0 0
vn 0 0 0
vn 0 0 0
vn 0 0 0
vn 0 0 0
vn 0 0 0
vn 0 0 0
vn 0 0 0
vn 0 0 0
vn 0 0 0
vn 0 0 0
vn 0 0 0
vn 0 0 0
vn 0 0 0
vn 0 0 0
vn 0 0 0
vn 0 0 0
vn 0 0 0
vn 0 0 0
vn 0 0 0
vn 0 0 0
vn 0 0 0
vn 0 0 0
vn 0 0 0
vn 0 0 0
vn 0 0 0
vn 0 0 0
vn 0 0 0
vn 0 0 0
vn 0 0 0
vn 0 0 0
vn 0 0 0
vn 0 0 0
vn 0 0 0
vn 0 0 0
vn 0 0 0
vn 0 0 0
vn 0 0 0
vn 0 0 0
vn 0 0 0
vn 0 0 0
vn 0 0 0
vn 0 0 0
vn 0 0 0
vn 0 0 0
vn 0 0 0
vn 0 0 0
vn 0 0 0
vn 0 0 0
vn 0 0 0
vn 0 0 0
vn 0 0 0
vn 0 0 0
vn 0 0 0
vn 0 0 0
vn 0 0 0
vn 0 0 0
vn 0 0 0
vn 0 0 0
vn 0 0 0
vn 0 0 0
vn 0 0 0
vn 0 0 0
vn 0 0 0
vn 0 0 0
vn 0 0 0
vn 0 0 0
vn 0 0 0
vn 0 0 0
vn 0 0 0
vn 0 0 0
vn 0 0 0
vn 0 0 0
vn 0 0 0
vn 0 0 0
vn 0 0 0
vn 0 0 0
vn 0 0 0
vn 0 0 0
vn 0 0 0
vn 0 0 0
vn 0 0 0
vn 0 0 0
vn 0 0 0
vn 0 0 0
vn 0 0 0
vn 0 0 0
vn 0 0 0
vn 0 0 0
vn 0 0 0
vn 0 0 0
vn 0 0 0
vn 0 0 0
vn 0 0 0
vn 0 0 0
vn 0 0 0
vn 0 0 0
vn 0 0 0
vn 0 0 0
vn 0 0 0
vn 0 0 0
vn 0 0 0
vn 0 0 0
vn 0 0 0
vn 0 0 0
vn 0 0 0
vn 0 0 0
vn 0 0 0
vn 0 0 0
vn 0 0 0
vn 0 0 0
vn 0 0 0
vn 0 0 0
vn 0 0 0
vn 0 0 0
vn 0 0 0
vn 0 0 0
vn 0 0 0
vn 0 0 0
vn 0 0 0
vn 0 0 0
vn 0 0 0
vn 0 0 0
vn 0 0 0
vn 0 0 0
vn 0 0 0
vn 0 0 0
vn 0 0 0
vn 0 0 0
vn 0 0 0
vn 0 0 0
vn 0 0 0
vn 0 0 0
vn 0 0 0
vn 0 0 0
vn 0 0 0
vn 0 0 0
vn 0 0 0
vn 0 0 0
vn 0 0 0
vn 0 0 0
vn 0 0 0
vn 0 0 0
vn 0 0 0
vn 0 0 0
vn 0 0 0
vn 0 0 0
vn 0 0 0
vn 0 0 0
vn 0 0 0
vn 0 0 0
vn 0 0 0
vn 0 0 0
vn 0 0 0
vn 0 0 0
vn 0 0 0
vn 0 0 0
vn 0 0 0
vn 0 0 0
vn 0 0 0
vn 0 0 0
vn 0 0 0
vn 0 0 0
vn 0 0 0
vn 0 0 0
vn 0 0 0
vn 0 0 0
vn 0 0 0
vn 0 0 0
vn 0 0 0
vn 0 0 0
vn 0 0 0
vn 0 0 0
vn 0 0 0
vn 0 0 0
vn 0 0 0
vn 0 0 0
vn 0 0 0
vn 0 0 0
vn 0 0 0
vn 0 0 0
vn 0 0 0
vn 0 0 0
vn 0 0 0
vn 0 0 0
vn 0 0 0
vn 0 0 0
vn 0 0 0
vn 0 0 0
vn 0 0 0
vn 0 0 0
vn 0 0 0
vn 0 0 0
vn 0 0 0
vn 0 0 0
vn 0 0 0
vn 0 0 0
vn 0 0 0
vn 0 0 0
vn 0 0 0
vn 0 0 0
vn 0 0 0
vn 0 0 0
vn 0 0 0
vn 0 0 0
vn 0 0 0
vn 0 0 0
vn 0 0 0
vn 0 0 0
vn 0 0 0
vn 0 0 0
vn 0 0 0
vn 0 0 0
vn 0 0 0
vn 0 0 0
vn 0 0 0
vn 0 0 0
vn 0 0 0
vn 0 0 0
vn 0 0 0
vn 0 0 0
vn 0 0 0
vn 0 0 0
vn 0 0 0
vn 0 0 0
vn 0 0 0
vn 0 0 0
vn 0 0 0
vn 0 0 0
vn 0 0 0
vn 0 0 0
vn 0 0 0
vn 0 0 0
vn 0 0 0
vn 0 0 0
vn 0 0 0
vn 0 0 0
vn 0 0 0
vn 0 0 0
vn 0 0 0
vn 0 0 0
vn 0 0 0
vn 0 0 0
vn 0 0 0
vn 0 0 0
vn 0 0 0
vn 0 0 0
vn 0 0 0
vn 0 0 0
vn 0 0 0
vn 0 0 0
vn 0 0 0
vn 0 0 0
vn 0 0 0
vn 0 0 0
vn 0 0 0
vn 0 0 0
vn 0 0 0
vn 0 0 0
vn 0 0 0
vn 0 0 0
vn 0 0 0
vn 0 0 0
vn 0 0 0
vn 0 0 0
vn 0 0 0
vn 0 0 0
vn 0 0 0
vn 0 0 0
vn 0 0 0
vn 0 0 0
vn 0 0 0
vn 0 0 0
vn 0 0 0
vn 0 0 0
vn 0 0 0
vn 0 0 0
vn 0 0 0
vn 0 0 0
vn 0 0 0
vn 0 0 0
vn 0 0 0
vn 0 0 0
vn 0 0 0
vn 0 0 0
vn 0 0 0
vn 0 0 0
vn 0 0 0
vn 0 0 0
vn 0 0 0
vn 0 0 0
vn 0 0 0
vn 0 0 0
vn 0 0 0
vn 0 0 0
vn 0 0 0
vn 0 0 0
vn 0 0 0
vn 0 0 0
vn 0 0 0
vn 0 0 0
vn 0 0 0
vn 0 0 0
vn 0 0 0
vn 0 0 0
vn 0 0 0
vn 0 0 0
vn 0 0 0
vn 0 0 0
vn 0 0 0
vn 0 0 0
vn 0 0 0
vn 0 0 0
vn 0 0 0
vn 0 0 0
vn 0 0 0
vn 0 0 0
vn 0 0 0
vn 0 0 0
vn 0 0 0
vn 0 0 0
vn 0 0 0
vn 0 0 0
vn 0 0 0
vn 0 0 0
vn 0 0 0
vn 0 0 0
vn 0 0 0
vn 0 0 0
vn 0 0 0
vn 0 0 0
vn 0 0 0
vn 0 0 0
vn 0 0 0
vn 0 0 0
vn 0 0 0
vn 0 0 0
vn 0 0 0
vn 0 0 0
vn 0 0 0
vn 0 0 0
vn 0 0 0
vn 0 0 0
vn 0 0 0
vn 0 0 0
vn 0 0 0
vn 0 0 0
vn 0 0 0
vn 0 0 0
vn 0 0 0
vn 0 0 0
vn 0 0 0
vn 0 0 0
vn 0 0 0
vn 0 0 0
vn 0 0 0
vn 0 0 0
vn 0 0 0
vn 0 0 0
vn 0 0 0
vn 0 0 0
vn 0 0 0
vn 0 0 0
vn 0 0 0
vn 0 0 0
vn 0 0 0
vn 0 0 0
vn 0 0 0
vn 0 0 0
vn 0 0 0
f 537/537/537 589/589/589 571/571/571
f 900/900/900 919/919/919 45/45/45
f 899/899/899 25/25/25 1556/1556/1556
f 300/300/300 1497/1497/1497 1494/1494/1494
f 174/174/174 1244/1244/1244 993/993/993
f 898/898/898 1439/1439/1439 411/411/411
f 1476/1476/1476 907/907/907 876/876/876
f 299/299/299 1100/1100/1100 1463/1463/1463
f 1480/1480/1480 83/83/83 880/880/880
f 100/100/100 7/7/7 432/432/432
f 1484/1484/1484 444/444/444 884/884/884
f 860/860/860 432/432/432 1460/1460/1460
f 1488/1488/1488 913/913/913 111/111/111
f 19/19/19 27/27/27 44/44/44
f 315/315/315 892/892/892 616/616/616
f 1129/1129/1129 916/916/916 529/529/529
f 795/795/795 990/990/990 1390/1390/1390
f 85/85/85 27/27/27 675/675/675
f 631/631/631 485/485/485 23/23/23
f 894/894/894 1485/1485/1485 6/6/6
f 1104/1104/1104 321/321/321 504/504/504
f 297/297/297 1098/1098/1098 1499/1499/1499
f 1108/1108/1108 323/323/323 508/508/508
f 988/988/988 36/36/36 188/188/188
f 325/325/325 512/512/512 1112/1112/1112
f 856/856/856 467/467/467 1456/1456/1456
f 1116/1116/1116 927/927/927 516/516/516
f 1670/1670/1670 385/385/385 19/19/19
f 1120/1120/1120 1519/1519/1519 520/520/520
f 295/295/295 1096/1096/1096 37/37/37
f 1124/1124/1124 1523/1523/1523 524/524/524
f 511/511/511 1266/1266/1266 1505/1505/1505
f 1128/1128/1128 933/933/933 131/131/131
f 1270/1270/1270 36/36/36 675/675/675
f 1132/1132/1132 335/335/335 532/532/532
f 1169/1169/1169 936/936/936 569/569/569
f 1136/1136/1136 337/337/337 536/536/536
f 44/44/44 1670/1670/1670 19/19/19
f 1140/1140/1140 339/339/339 540/540/540
f 138/138/138 23/23/23 94/94/94
f 1144/1144/1144 341/341/341 544/544/544
f 973/973/973 1642/1642/1642 1204/1204/1204
f 1148/1148/1148 343/343/343 548/548/548
f 485/485/485 637/637/637 1432/1432/1432
f 345/345/345 552/552/552 1152/1152/1152
f 505/505/505 1318/1318/1318 1315/1315/1315
f 1156/1156/1156 947/947/947 556/556/556
f 868/868/868 903/903/903 427/427/427
f 1160/1160/1160 1559/1559/1559 560/560/560
f 867/867/867 407/407/407 905/905/905
f 1164/1164/1164 1563/1563/1563 564/564/564
f 284/284/284 1465/1465/1465 1462/1462/1462
f 1168/1168/1168 953/953/953 151/151/151
f 1007/1007/1007 126/126/126 676/676/676
f 1172/1172/1172 355/355/355 572/572/572
f 1209/1209/1209 956/956/956 609/609/609
f 1176/1176/1176 357/357/357 576/576/576
f 283/283/283 1084/1084/1084 1471/1471/1471
f 1180/1180/1180 359/359/359 580/580/580
f 92/92/92 390/390/390 674/674/674
f 1184/1184/1184 361/361/361 584/584/584
f 828/828/828 674/674/674 1428/1428/1428
f 1188/1188/1188 363/363/363 588/588/588
f 501/501/501 1438/1438/1438 1426/1426/1426
f 365/365/365 592/592/592 1192/1192/1192
f 864/864/864 901/901/901 16/16/16
f 1196/1196/1196 967/967/967 596/596/596
f 863/863/863 430/430/430 1482/1482/1482
f 1200/1200/1200 1599/1599/1599 600/600/600
f 282/282/282 1461/1461/1461 1498/1498/1498
f 1204/1204/1204 1603/1603/1603 604/604/604
f 862/862/862 871/871/871 389/389/389
f 1208/1208/1208 973/973/973 603/603/603
f 281/281/281 1082/1082/1082 1467/1467/1467
f 375/375/375 612/612/612 519/519/519
f 1249/1249/1249 976/976/976 649/649/649
f 1216/1216/1216 377/377/377 39/39/39
f 91/91/91 412/412/412 714/714/714
f 1220/1220/1220 379/379/379 620/620/620
f 824/824/824 714/714/714 1424/1424/1424
f 1224/1224/1224 381/381/381 624/624/624
f 897/897/897 26/26/26 25/25/25
f 803/803/803 383/383/383 628/628/628
f 860/860/860 1099/1099/1099 472/472/472
f 385/385/385 632/632/632 1232/1232/1232
f 859/859/859 452/452/452 1085/1085/1085
f 1236/1236/1236 987/987/987 636/636/636
f 280/280/280 1457/1457/1457 1454/1454/1454
f 1240/1240/1240 1639/1639/1639 640/640/640
f 858/858/858 924/924/924 717/717/717
f 1244/1244/1244 1643/1643/1643 644/644/644
f 279/279/279 1080/1080/1080 1423/1423/1423
f 1248/1248/1248 993/993/993 1288/1288/1288
f 90/90/90 447/447/447 754/754/754
f 395/395/395 652/652/652 1252/1252/1252
f 1289/1289/1289 996/996/996 689/689/689
f 1256/1256/1256 397/397/397 656/656/656
f 820/820/820 754/754/754 1420/1420/1420
f 1260/1260/1260 399/399/399 660/660/660
f 158/158/158 465/465/465 29/29/29
f 1264/1264/1264 401/401/401 664/664/664
f 953/953/953 1602/1602/1602 1164/1164/1164
f 1268/1268/1268 403/403/403 668/668/668
f 988/988/988 76/76/76 187/187/187
f 84/84/84 158/158/158 29/29/29
f 1790/1790/1790 445/445/445 33/33/33
f 1276/1276/1276 1007/1007/1007 676/676/676
f 854/854/854 1025/1025/1025 434/434/434
f 1280/1280/1280 1679/1679/1679 680/680/680
f 277/277/277 1078/1078/1078 1459/1459/1459
f 1284/1284/1284 1683/1683/1683 684/684/684
f 933/933/933 1562/1562/1562 1124/1124/1124
f 1725/1725/1725 413/413/413 1328/1328/1328
f 816/816/816 794/794/794 1416/1416/1416
f 415/415/415 692/692/692 1292/1292/1292
f 1329/1329/1329 1016/1016/1016 729/729/729
f 1296/1296/1296 417/417/417 696/696/696
f 74/74/74 1790/1790/1790 33/33/33
f 1300/1300/1300 419/419/419 700/700/700
f 275/275/275 1076/1076/1076 471/471/471
f 1304/1304/1304 421/421/421 704/704/704
f 1750/1750/1750 425/425/425 35/35/35
f 1308/1308/1308 423/423/423 708/708/708
f 27/27/27 85/85/85 44/44/44
f 913/913/913 1522/1522/1522 1484/1484/1484
f 1677/1677/1677 1635/1635/1635 732/732/732
f 1316/1316/1316 1027/1027/1027 716/716/716
f 130/130/130 560/560/560 1559/1559/1559
f 1320/1320/1320 1719/1719/1719 720/720/720
f 110/110/110 1116/1116/1116 520/520/520
f 1324/1324/1324 1723/1723/1723 724/724/724
f 465/465/465 971/971/971 1392/1392/1392
f 1765/1765/1765 433/433/433 1669/1669/1669
f 865/865/865 409/409/409 407/407/407
f 435/435/435 732/732/732 1332/1332/1332
f 1369/1369/1369 1036/1036/1036 769/769/769
f 1336/1336/1336 437/437/437 736/736/736
f 828/828/828 1083/1083/1083 728/728/728
f 1340/1340/1340 439/439/439 740/740/740
f 827/827/827 710/710/710 1185/1185/1185
f 1344/1344/1344 441/441/441 744/744/744
f 264/264/264 1425/1425/1425 1422/1422/1422
f 1390/1390/1390 949/949/949 248/248/248
f 636/636/636 85/85/85 95/95/95
f 1157/1157/1157 114/114/114 130/130/130
f 910/910/910 1433/1433/1433 517/517/517
f 1356/1356/1356 1047/1047/1047 756/756/756
f 82/82/82 681/681/681 994/994/994
f 1360/1360/1360 1759/1759/1759 760/760/760
f 788/788/788 994/994/994 1388/1388/1388
f 1364/1364/1364 1763/1763/1763 764/764/764
f 861/861/861 431/431/431 430/430/430
f 1594/1594/1594 453/453/453 1199/1199/1199
f 824/824/824 1081/1081/1081 450/450/450
f 455/455/455 772/772/772 1372/1372/1372
f 1409/1409/1409 1056/1056/1056 809/809/809
f 1376/1376/1376 457/457/457 776/776/776
f 823/823/823 750/750/750 1005/1005/1005
f 1380/1380/1380 459/459/459 780/780/780
f 262/262/262 1421/1421/1421 1458/1458/1458
f 1384/1384/1384 461/461/461 784/784/784
f 822/822/822 958/958/958 677/677/677
f 424/424/424 761/761/761 1376/1376/1376
f 261/261/261 1062/1062/1062 1427/1427/1427
f 726/726/726 1677/1677/1677 216/216/216
f 81/81/81 721/721/721 1031/1031/1031
f 1396/1396/1396 1067/1067/1067 796/796/796
f 784/784/784 1031/1031/1031 1384/1384/1384
f 1400/1400/1400 1345/1345/1345 800/800/800
f 857/857/857 454/454/454 452/452/452
f 1404/1404/1404 1431/1431/1431 804/804/804
f 820/820/820 1079/1079/1079 808/808/808
f 1330/1330/1330 473/473/473 870/870/870
f 819/819/819 790/790/790 424/424/424
f 475/475/475 812/812/812 1412/1412/1412
f 1449/1449/1449 1076/1076/1076 849/849/849
f 1416/1416/1416 477/477/477 816/816/816
f 260/260/260 1417/1417/1417 1414/1414/1414
f 1420/1420/1420 479/479/479 820/820/820
f 818/818/818 1228/1228/1228 1032/1032/1032
f 1424/1424/1424 481/481/481 824/824/824
f 259/259/259 1060/1060/1060 1383/1383/1383
f 443/443/443 1213/1213/1213 1077/1077/1077
f 80/80/80 761/761/761 1069/1069/1069
f 1193/1193/1193 1635/1635/1635 68/68/68
f 780/780/780 1069/1069/1069 1380/1380/1380
f 1436/1436/1436 1087/1087/1087 836/836/836
f 1598/1598/1598 564/564/564 132/132/132
f 1440/1440/1440 1665/1665/1665 840/840/840
f 1157/1157/1157 49/49/49 129/129/129
f 1444/1444/1444 1410/1410/1410 844/844/844
f 1236/1236/1236 95/95/95 187/187/187
f 1761/1761/1761 493/493/493 514/514/514
f 64/64/64 1750/1750/1750 35/35/35
f 495/495/495 852/852/852 1452/1452/1452
f 1489/1489/1489 1096/1096/1096 889/889/889
f 1456/1456/1456 497/497/497 856/856/856
f 814/814/814 1788/1788/1788 757/757/757
f 1460/1460/1460 499/499/499 860/860/860
f 257/257/257 1058/1058/1058 1419/1419/1419
f 1270/1270/1270 126/126/126 188/188/188
f 1102/1102/1102 1313/1313/1313 1107/1107/1107
f 1103/1103/1103 554/554/554 1138/1138/1138
f 776/776/776 1092/1092/1092 1376/1376/1376
f 1163/1163/1163 49/49/49 132/132/132
f 511/511/511 1106/1106/1106 1226/1226/1226
f 1107/1107/1107 1415/1415/1415 1102/1102/1102
f 255/255/255 1056/1056/1056 807/807/807
f 906/906/906 1109/1109/1109 306/306/306
f 1510/1510/1510 305/305/305 63/63/63
f 1116/1116/1116 929/929/929 520/520/520
f 1511/1511/1511 512/512/512 325/325/325
f 1766/1766/1766 676/676/676 54/54/54
f 33/33/33 950/950/950 74/74/74
f 1120/1120/1120 65/65/65 129/129/129
f 927/927/927 1116/1116/1116 110/110/110
f 1124/1124/1124 107/107/107 131/131/131
f 1706/1706/1706 53/53/53 405/405/405
f 445/445/445 1399/1399/1399 1352/1352/1352
f 825/825/825 713/713/713 710/710/710
f 788/788/788 1063/1063/1063 1050/1050/1050
f 787/787/787 1029/1029/1029 1781/1781/1781
f 1240/1240/1240 558/558/558 189/189/189
f 244/244/244 1385/1385/1385 1382/1382/1382
f 1236/1236/1236 187/187/187 640/640/640
f 243/243/243 1044/1044/1044 1391/1391/1391
f 72/72/72 1010/1010/1010 1446/1446/1446
f 933/933/933 1128/1128/1128 333/333/333
f 748/748/748 1446/1446/1446 1348/1348/1348
f 1402/1402/1402 556/556/556 24/24/24
f 821/821/821 753/753/753 750/750/750
f 532/532/532 335/335/335 935/935/935
f 784/784/784 1061/1061/1061 768/768/768
f 1134/1134/1134 518/518/518 1139/1139/1139
f 530/530/530 1135/1135/1135 679/679/679
f 783/783/783 1052/1052/1052 1748/1748/1748
f 242/242/242 1381/1381/1381 1418/1418/1418
f 1138/1138/1138 1386/1386/1386 1103/1103/1103
f 1139/1139/1139 639/639/639 1134/1134/1134
f 782/782/782 1784/1784/1784 1009/1009/1009
f 241/241/241 1042/1042/1042 1387/1387/1387
f 1142/1142/1142 247/247/247 1147/1147/1147
f 1143/1143/1143 1689/1689/1689 1178/1178/1178
f 71/71/71 1034/1034/1034 1515/1515/1515
f 744/744/744 1515/1515/1515 1344/1344/1344
f 551/551/551 1146/1146/1146 147/147/147
f 1147/1147/1147 364/364/364 1142/1142/1142
f 817/817/817 793/793/793 790/790/790
f 926/926/926 1149/1149/1149 326/326/326
f 780/780/780 1059/1059/1059 1119/1119/1119
f 1606/1606/1606 1339/1339/1339 1018/1018/1018
f 1551/1551/1551 552/552/552 345/345/345
f 779/779/779 1090/1090/1090 1773/1773/1773
f 240/240/240 1377/1377/1377 1374/1374/1374
f 778/778/778 1780/1780/1780 1517/1517/1517
f 947/947/947 1156/1156/1156 130/130/130
f 239/239/239 1040/1040/1040 1343/1343/1343
f 4/4/4 1510/1510/1510 63/63/63
f 70/70/70 1071/1071/1071 1555/1555/1555
f 740/740/740 1555/1555/1555 1340/1340/1340
f 1150/1150/1150 79/79/79 128/128/128
f 947/947/947 79/79/79 556/556/556
f 1550/1550/1550 89/89/89 14/14/14
f 1283/1283/1283 559/559/559 192/192/192
f 1179/1179/1179 137/137/137 573/573/573
f 774/774/774 1776/1776/1776 1070/1070/1070
f 237/237/237 1038/1038/1038 1379/1379/1379
f 953/953/953 1168/1168/1168 353/353/353
f 676/676/676 126/126/126 54/54/54
f 127/127/127 89/89/89 555/555/555
f 736/736/736 1595/1595/1595 1336/1336/1336
f 572/572/572 355/355/355 955/955/955
f 928/928/928 99/99/99 128/128/128
f 1174/1174/1174 1681/1681/1681 1179/1179/1179
f 570/570/570 1175/1175/1175 1640/1640/1640
f 235/235/235 1036/1036/1036 1115/1115/1115
f 1193/1193/1193 1765/1765/1765 1371/1371/1371
f 1178/1178/1178 314/314/314 1143/1143/1143
f 1179/1179/1179 1795/1795/1795 1174/1174/1174
f 1672/1672/1672 126/126/126 1270/1270/1270
f 1150/1150/1150 99/99/99 555/555/555
f 1182/1182/1182 1546/1546/1546 1187/1187/1187
f 1183/1183/1183 965/965/965 1218/1218/1218
f 1604/1604/1604 1557/1557/1557 1736/1736/1736
f 1035/1035/1035 1677/1677/1677 732/732/732
f 591/591/591 1186/1186/1186 1448/1448/1448
f 1187/1187/1187 1628/1628/1628 1182/1182/1182
f 425/425/425 1793/1793/1793 1312/1312/1312
f 946/946/946 1189/1189/1189 346/346/346
f 785/785/785 1030/1030/1030 1029/1029/1029
f 928/928/928 114/114/114 929/929/929
f 1591/1591/1591 592/592/592 365/365/365
f 748/748/748 1043/1043/1043 1524/1524/1524
f 747/747/747 1509/1509/1509 1741/1741/1741
f 224/224/224 1486/1486/1486 1342/1342/1342
f 967/967/967 1196/1196/1196 150/150/150
f 986/986/986 135/135/135 185/185/185
f 675/675/675 135/135/135 1270/1270/1270
f 223/223/223 1024/1024/1024 1351/1351/1351
f 62/62/62 1475/1475/1475 178/178/178
f 708/708/708 178/178/178 1308/1308/1308
f 781/781/781 1054/1054/1054 1052/1052/1052
f 89/89/89 127/127/127 14/14/14
f 744/744/744 1041/1041/1041 1074/1074/1074
f 743/743/743 1549/1549/1549 1777/1777/1777
f 222/222/222 1341/1341/1341 1378/1378/1378
f 742/742/742 1744/1744/1744 1473/1473/1473
f 973/973/973 1208/1208/1208 373/373/373
f 221/221/221 1022/1022/1022 1347/1347/1347
f 516/516/516 127/127/127 134/134/134
f 61/61/61 1520/1520/1520 648/648/648
f 612/612/612 375/375/375 975/975/975
f 704/704/704 648/648/648 1304/1304/1304
f 1214/1214/1214 945/945/945 1219/1219/1219
f 610/610/610 1215/1215/1215 1154/1154/1154
f 777/777/777 1091/1091/1091 1090/1090/1090
f 740/740/740 1039/1039/1039 1604/1604/1604
f 1218/1218/1218 1609/1609/1609 1183/1183/1183
f 1219/1219/1219 1073/1073/1073 1214/1214/1214
f 739/739/739 1589/1589/1589 1733/1733/1733
f 220/220/220 1337/1337/1337 1334/1334/1334
f 1222/1222/1222 829/829/829 1227/1227/1227
f 1223/1223/1223 470/470/470 1258/1258/1258
f 738/738/738 1740/1740/1740 278/278/278
f 219/219/219 1020/1020/1020 1303/1303/1303
f 433/433/433 1765/1765/1765 68/68/68
f 1227/1227/1227 883/883/883 1222/1222/1222
f 60/60/60 1560/1560/1560 1239/1239/1239
f 966/966/966 1229/1229/1229 366/366/366
f 700/700/700 1239/1239/1239 1300/1300/1300
f 786/786/786 839/839/839 1229/1229/1229
f 632/632/632 385/385/385 838/838/838
f 1116/1116/1116 134/134/134 929/929/929
f 1055/1055/1055 1233/1233/1233 772/772/772
f 1277/1277/1277 559/559/559 189/189/189
f 987/987/987 1236/1236/1236 1674/1674/1674
f 766/766/766 1233/1233/1233 236/236/236
f 1232/1232/1232 155/155/155 185/185/185
f 734/734/734 1736/1736/1736 1557/1557/1557
f 217/217/217 1018/1018/1018 1339/1339/1339
f 1271/1271/1271 155/155/155 671/671/671
f 633/633/633 796/796/796 84/84/84
f 1718/1718/1718 684/684/684 192/192/192
f 565/565/565 154/154/154 562/562/562
f 215/215/215 1016/1016/1016 1601/1601/1601
f 97/97/97 93/93/93 1440/1440/1440
f 349/349/349 52/52/52 668/668/668
f 993/993/993 1248/1248/1248 393/393/393
f 1161/1161/1161 154/154/154 131/131/131
f 147/147/147 1146/1146/1146 1149/1149/1149
f 1020/1020/1020 219/219/219 737/737/737
f 652/652/652 395/395/395 995/995/995
f 556/556/556 79/79/79 24/24/24
f 1254/1254/1254 436/436/436 1259/1259/1259
f 650/650/650 1255/1255/1255 593/593/593
f 53/53/53 1272/1272/1272 405/405/405
f 745/745/745 1513/1513/1513 1509/1509/1509
f 1258/1258/1258 878/878/878 1223/1223/1223
f 1259/1259/1259 531/531/531 1254/1254/1254
f 708/708/708 1023/1023/1023 73/73/73
f 707/707/707 1370/1370/1370 1701/1701/1701
f 1262/1262/1262 214/214/214 1267/1267/1267
f 1263/1263/1263 830/830/830 1298/1298/1298
f 204/204/204 1305/1305/1305 1302/1302/1302
f 175/175/175 349/349/349 1003/1003/1003
f 258/258/258 270/270/270 468/468/468
f 1267/1267/1267 356/356/356 1262/1262/1262
f 203/203/203 1004/1004/1004 1311/1311/1311
f 986/986/986 1269/1269/1269 386/386/386
f 52/52/52 115/115/115 166/166/166
f 1271/1271/1271 234/234/234 1269/1269/1269
f 1552/1552/1552 79/79/79 1150/1150/1150
f 668/668/668 166/166/166 1268/1268/1268
f 741/741/741 1553/1553/1553 1549/1549/1549
f 704/704/704 1021/1021/1021 1564/1564/1564
f 1007/1007/1007 1276/1276/1276 190/190/190
f 703/703/703 1797/1797/1797 1737/1737/1737
f 1277/1277/1277 76/76/76 190/190/190
f 202/202/202 1301/1301/1301 1338/1338/1338
f 702/702/702 1704/1704/1704 123/123/123
f 201/201/201 1002/1002/1002 1307/1307/1307
f 51/51/51 238/238/238 309/309/309
f 194/194/194 1661/1661/1661 254/254/254
f 664/664/664 309/309/309 1264/1264/1264
f 737/737/737 1593/1593/1593 1589/1589/1589
f 700/700/700 1019/1019/1019 59/59/59
f 699/699/699 797/797/797 1693/1693/1693
f 214/214/214 1262/1262/1262 1265/1265/1265
f 200/200/200 1297/1297/1297 1294/1294/1294
f 926/926/926 167/167/167 125/125/125
f 698/698/698 1700/1700/1700 316/316/316
f 692/692/692 415/415/415 1015/1015/1015
f 199/199/199 1000/1000/1000 1263/1263/1263
f 1294/1294/1294 930/930/930 1299/1299/1299
f 69/69/69 13/13/13 1293/1293/1293
f 50/50/50 1012/1012/1012 392/392/392
f 660/660/660 392/392/392 1260/1260/1260
f 1298/1298/1298 336/336/336 1263/1263/1263
f 1299/1299/1299 43/43/43 1294/1294/1294
f 555/555/555 167/167/167 1150/1150/1150
f 1589/1589/1589 1239/1239/1239 1560/1560/1560
f 1302/1302/1302 1194/1194/1194 1307/1307/1307
f 1303/1303/1303 1566/1566/1566 1338/1338/1338
f 1112/1112/1112 207/207/207 125/125/125
f 1483/1483/1483 97/97/97 289/289/289
f 1233/1233/1233 1155/1155/1155 772/772/772
f 1307/1307/1307 218/218/218 1302/1302/1302
f 694/694/694 1696/1696/1696 1094/1094/1094
f 1006/1006/1006 1309/1309/1309 406/406/406
f 197/197/197 998/998/998 1299/1299/1299
f 1311/1311/1311 1450/1450/1450 1309/1309/1309
f 147/147/147 207/207/207 551/551/551
f 1674/1674/1674 1236/1236/1236 640/640/640
f 656/656/656 509/509/509 1256/1256/1256
f 1566/1566/1566 1303/1303/1303 1020/1020/1020
f 1027/1027/1027 1316/1316/1316 1754/1754/1754
f 195/195/195 996/996/996 69/69/69
f 234/234/234 1271/1271/1271 984/984/984
f 203/203/203 1554/1554/1554 1705/1705/1705
f 190/190/190 680/680/680 1679/1679/1679
f 327/327/327 22/22/22 548/548/548
f 1564/1564/1564 278/278/278 1740/1740/1740
f 254/254/254 803/803/803 194/194/194
f 227/227/227 327/327/327 943/943/943
f 671/671/671 632/632/632 106/106/106
f 705/705/705 1290/1290/1290 1370/1370/1370
f 668/668/668 1003/1003/1003 349/349/349
f 984/984/984 183/183/183 665/665/665
f 667/667/667 254/254/254 1661/1661/1661
f 1561/1561/1561 1334/1334/1334 1337/1337/1337
f 184/184/184 1265/1265/1265 1262/1262/1262
f 732/732/732 435/435/435 1035/1035/1035
f 1244/1244/1244 683/683/683 191/191/191
f 1334/1334/1334 1561/1561/1561 1339/1339/1339
f 1601/1601/1601 1641/1641/1641 1333/1333/1333
f 183/183/183 984/984/984 1271/1271/1271
f 42/42/42 194/194/194 803/803/803
f 1338/1338/1338 198/198/198 1303/1303/1303
f 1339/1339/1339 1606/1606/1606 1334/1334/1334
f 1087/1087/1087 468/468/468 268/268/268
f 701/701/701 1724/1724/1724 1797/1797/1797
f 1342/1342/1342 1479/1479/1479 1347/1347/1347
f 1343/1343/1343 1089/1089/1089 1378/1378/1378
f 664/664/664 1001/1001/1001 896/896/896
f 663/663/663 367/367/367 1697/1697/1697
f 1349/1349/1349 1026/1026/1026 1351/1351/1351
f 1347/1347/1347 1526/1526/1526 1342/1342/1342
f 182/182/182 1261/1261/1261 1298/1298/1298
f 1026/1026/1026 1349/1349/1349 426/426/426
f 662/662/662 1664/1664/1664 175/175/175
f 1024/1024/1024 1349/1349/1349 1351/1351/1351
f 233/233/233 1541/1541/1541 267/267/267
f 181/181/181 982/982/982 1267/1267/1267
f 41/41/41 329/329/329 866/866/866
f 624/624/624 866/866/866 1224/1224/1224
f 1047/1047/1047 1356/1356/1356 1794/1794/1794
f 697/697/697 712/712/712 797/797/797
f 896/896/896 51/51/51 664/664/664
f 660/660/660 999/999/999 523/523/523
f 659/659/659 476/476/476 1653/1653/1653
f 180/180/180 1257/1257/1257 1254/1254/1254
f 658/658/658 1660/1660/1660 869/869/869
f 316/316/316 896/896/896 1001/1001/1001
f 179/179/179 980/980/980 1223/1223/1223
f 40/40/40 416/416/416 895/895/895
f 620/620/620 895/895/895 1220/1220/1220
f 1046/1046/1046 990/990/990 245/245/245
f 1288/1288/1288 682/682/682 1287/1287/1287
f 1560/1560/1560 1733/1733/1733 1589/1589/1589
f 1557/1557/1557 1604/1604/1604 1039/1039/1039
f 655/655/655 549/549/549 519/519/519
f 772/772/772 455/455/455 1055/1055/1055
f 848/848/848 1155/1155/1155 78/78/78
f 1374/1374/1374 1072/1072/1072 1379/1379/1379
f 1115/1115/1115 1166/1166/1166 1373/1373/1373
f 654/654/654 1656/1656/1656 396/396/396
f 250/250/250 118/118/118 800/800/800
f 1378/1378/1378 1521/1521/1521 1343/1343/1343
f 1379/1379/1379 1122/1122/1122 1374/1374/1374
f 329/329/329 1697/1697/1697 367/367/367
f 1161/1161/1161 1163/1163/1163 132/132/132
f 1382/1382/1382 1011/1011/1011 1387/1387/1387
f 1383/1383/1383 771/771/771 1418/1418/1418
f 1604/1604/1604 70/70/70 740/740/740
f 655/655/655 976/976/976 1255/1255/1255
f 1389/1389/1389 1046/1046/1046 1391/1391/1391
f 1387/1387/1387 1051/1051/1051 1382/1382/1382
f 267/267/267 1273/1273/1273 233/233/233
f 1046/1046/1046 1389/1389/1389 446/446/446
f 336/336/336 1298/1298/1298 1261/1261/1261
f 1391/1391/1391 1014/1014/1014 1389/1389/1389
f 1022/1022/1022 221/221/221 741/741/741
f 1549/1549/1549 648/648/648 1520/1520/1520
f 1792/1792/1792 949/949/949 1390/1390/1390
f 1526/1526/1526 1347/1347/1347 1022/1022/1022
f 1067/1067/1067 1396/1396/1396 118/118/118
f 592/592/592 1434/1434/1434 1192/1192/1192
f 1281/1281/1281 709/709/709 191/191/191
f 665/665/665 274/274/274 254/254/254
f 628/628/628 983/983/983 879/879/879
f 627/627/627 843/843/843 1621/1621/1621
f 164/164/164 1225/1225/1225 1222/1222/1222
f 1722/1722/1722 719/719/719 682/682/682
f 1631/1631/1631 1627/1627/1627 838/838/838
f 163/163/163 964/964/964 786/786/786
f 32/32/32 826/826/826 1508/1508/1508
f 588/588/588 1508/1508/1508 1188/1188/1188
f 349/349/349 175/175/175 1664/1664/1664
f 661/661/661 376/376/376 367/367/367
f 1684/1684/1684 21/21/21 544/544/544
f 624/624/624 981/981/981 456/456/456
f 812/812/812 475/475/475 1075/1075/1075
f 623/623/623 887/887/887 1657/1657/1657
f 1414/1414/1414 767/767/767 1419/1419/1419
f 807/807/807 847/847/847 1413/1413/1413
f 162/162/162 1221/1221/1221 1258/1258/1258
f 622/622/622 1624/1624/1624 815/815/815
f 1418/1418/1418 1049/1049/1049 1383/1383/1383
f 1419/1419/1419 811/811/811 1414/1414/1414
f 161/161/161 962/962/962 1227/1227/1227
f 31/31/31 874/874/874 1588/1588/1588
f 1422/1422/1422 687/687/687 1427/1427/1427
f 1423/1423/1423 451/451/451 1458/1458/1458
f 584/584/584 1588/1588/1588 1184/1184/1184
f 657/657/657 496/496/496 476/476/476
f 691/691/691 1066/1066/1066 1064/1064/1064
f 1427/1427/1427 731/731/731 1422/1422/1422
f 620/620/620 979/979/979 1053/1053/1053
f 1066/1066/1066 691/691/691 466/466/466
f 619/619/619 972/972/972 1613/1613/1613
f 1765/1765/1765 1193/1193/1193 68/68/68
f 1524/1524/1524 1473/1473/1473 1744/1744/1744
f 160/160/160 1217/1217/1217 1214/1214/1214
f 618/618/618 1620/1620/1620 1596/1596/1596
f 159/159/159 960/960/960 1183/1183/1183
f 1087/1087/1087 1436/1436/1436 258/258/258
f 30/30/30 931/931/931 1666/1666/1666
f 356/356/356 1267/1267/1267 982/982/982
f 580/580/580 1666/1666/1666 1180/1180/1180
f 1328/1328/1328 719/719/719 1673/1673/1673
f 294/294/294 1684/1684/1684 941/941/941
f 615/615/615 1093/1093/1093 1013/1013/1013
f 367/367/367 866/866/866 329/329/329
f 1514/1514/1514 290/290/290 488/488/488
f 614/614/614 1616/1616/1616 925/925/925
f 1158/1158/1158 670/670/670 28/28/28
f 1281/1281/1281 1283/1283/1283 192/192/192
f 982/982/982 181/181/181 661/661/661
f 576/576/576 1013/1013/1013 1176/1176/1176
f 1521/1521/1521 1378/1378/1378 1341/1341/1341
f 307/307/307 1577/1577/1577 369/369/369
f 852/852/852 495/495/495 1095/1095/1095
f 615/615/615 956/956/956 1215/1215/1215
f 1454/1454/1454 449/449/449 1459/1459/1459
f 471/471/471 494/494/494 1453/1453/1453
f 786/786/786 801/801/801 1625/1625/1625
f 523/523/523 50/50/50 660/660/660
f 1458/1458/1458 727/727/727 1423/1423/1423
f 1459/1459/1459 474/474/474 1454/1454/1454
f 314/314/314 1178/1178/1178 1141/1141/1141
f 586/586/586 1189/1189/1189 1186/1186/1186
f 1462/1462/1462 391/391/391 1467/1467/1467
f 1463/1463/1463 17/17/17 1498/1498/1498
f 901/901/901 864/864/864 301/301/301
f 1520/1520/1520 1777/1777/1777 1549/1549/1549
f 1469/1469/1469 1086/1086/1086 1471/1471/1471
f 1467/1467/1467 429/429/429 1462/1462/1462
f 903/903/903 868/868/868 303/303/303
f 1086/1086/1086 1469/1469/1469 486/486/486
f 552/552/552 146/146/146 1152/1152/1152
f 1471/1471/1471 394/394/394 1469/1469/1469
f 1517/1517/1517 1074/1074/1074 1041/1041/1041
f 625/625/625 855/855/855 843/843/843
f 588/588/588 963/963/963 1626/1626/1626
f 587/587/587 1569/1569/1569 1581/1581/1581
f 907/907/907 1476/1476/1476 1514/1514/1514
f 601/601/601 138/138/138 94/94/94
f 1678/1678/1678 1114/1114/1114 644/644/644
f 586/586/586 1587/1587/1587 1548/1548/1548
f 907/907/907 488/488/488 288/288/288
f 22/22/22 1529/1529/1529 213/213/213
f 548/548/548 213/213/213 1148/1148/1148
f 396/396/396 523/523/523 999/999/999
f 621/621/621 888/888/888 887/887/887
f 584/584/584 961/961/961 952/952/952
f 583/583/583 1636/1636/1636 1617/1617/1617
f 142/142/142 1181/1181/1181 1218/1218/1218
f 913/913/913 1488/1488/1488 313/313/313
f 582/582/582 1584/1584/1584 1516/1516/1516
f 327/327/327 227/227/227 1544/1544/1544
f 141/141/141 942/942/942 1187/1187/1187
f 892/892/892 315/315/315 915/915/915
f 21/21/21 1600/1600/1600 287/287/287
f 1494/1494/1494 15/15/15 1499/1499/1499
f 37/37/37 66/66/66 1493/1493/1493
f 917/917/917 9/9/9 317/317/317
f 544/544/544 287/287/287 1144/1144/1144
f 1498/1498/1498 414/414/414 1463/1463/1463
f 1499/1499/1499 46/46/46 1494/1494/1494
f 919/919/919 900/900/900 319/319/319
f 617/617/617 985/985/985 972/972/972
f 1502/1502/1502 871/871/871 885/885/885
f 1503/1503/1503 921/921/921 1542/1542/1542
f 580/580/580 959/959/959 1769/1769/1769
f 579/579/579 1716/1716/1716 1573/1573/1573
f 903/903/903 711/711/711 751/751/751
f 1507/1507/1507 923/923/923 1314/1314/1314
f 140/140/140 1177/1177/1177 1174/1174/1174
f 578/578/578 1580/1580/1580 294/294/294
f 370/370/370 1510/1510/1510 486/486/486
f 1550/1550/1550 1511/1511/1511 325/325/325
f 1247/1247/1247 1512/1512/1512 1110/1110/1110
f 139/139/139 940/940/940 1143/1143/1143
f 20/20/20 1676/1676/1676 469/469/469
f 540/540/540 469/469/469 1140/1140/1140
f 364/364/364 1147/1147/1147 922/922/922
f 192/192/192 684/684/684 1683/1683/1683
f 576/576/576 957/957/957 1610/1610/1610
f 1558/1558/1558 1519/1519/1519 1120/1120/1120
f 991/991/991 1558/1558/1558 112/112/112
f 575/575/575 1796/1796/1796 1756/1756/1756
f 1038/1038/1038 237/237/237 773/773/773
f 1562/1562/1562 1523/1523/1523 1124/1124/1124
f 872/872/872 1562/1562/1562 522/522/522
f 574/574/574 1576/1576/1576 1675/1675/1675
f 651/651/651 631/631/631 138/138/138
f 416/416/416 1653/1653/1653 476/476/476
f 789/789/789 1528/1528/1528 526/526/526
f 536/536/536 1756/1756/1756 1136/1136/1136
f 1530/1530/1530 1572/1572/1572 1597/1597/1597
f 1531/1531/1531 935/935/935 1570/1570/1570
f 1074/1074/1074 71/71/71 744/744/744
f 575/575/575 936/936/936 1175/1175/1175
f 1534/1534/1534 1485/1485/1485 1495/1495/1495
f 1535/1535/1535 937/937/937 1574/1574/1574
f 591/591/591 1492/1492/1492 1585/1585/1585
f 436/436/436 1254/1254/1254 1257/1257/1257
f 1538/1538/1538 1439/1439/1439 1455/1455/1455
f 1539/1539/1539 939/939/939 1578/1578/1578
f 369/369/369 1335/1335/1335 307/307/307
f 546/546/546 1149/1149/1149 1146/1146/1146
f 1542/1542/1542 1504/1504/1504 1503/1503/1503
f 1543/1543/1543 941/941/941 1582/1582/1582
f 1024/1024/1024 223/223/223 745/745/745
f 512/512/512 1205/1205/1205 1112/1112/1112
f 456/456/456 869/869/869 1660/1660/1660
f 1547/1547/1547 943/943/943 253/253/253
f 585/585/585 1586/1586/1586 1569/1569/1569
f 548/548/548 943/943/943 327/327/327
f 1511/1511/1511 1550/1550/1550 306/306/306
f 1590/1590/1590 1551/1551/1551 345/345/345
f 167/167/167 1552/1552/1552 1150/1150/1150
f 547/547/547 267/267/267 1541/1541/1541
f 796/796/796 949/949/949 84/84/84
f 546/546/546 1547/1547/1547 253/253/253
f 1509/1509/1509 178/178/178 1475/1475/1475
f 270/270/270 258/258/258 840/840/840
f 12/12/12 233/233/233 1273/1273/1273
f 1598/1598/1598 1559/1559/1559 1160/1160/1160
f 49/49/49 1598/1598/1598 132/132/132
f 508/508/508 1273/1273/1273 1108/1108/1108
f 581/581/581 1649/1649/1649 1636/1636/1636
f 1602/1602/1602 1563/1563/1563 1164/1164/1164
f 154/154/154 1602/1602/1602 562/562/562
f 544/544/544 941/941/941 1684/1684/1684
f 543/543/543 369/369/369 1577/1577/1577
f 122/122/122 1141/1141/1141 1178/1178/1178
f 792/792/792 1568/1568/1568 566/566/566
f 542/542/542 1544/1544/1544 227/227/227
f 1570/1570/1570 590/590/590 1531/1531/1531
f 1571/1571/1571 955/955/955 1610/1610/1610
f 121/121/121 922/922/922 1147/1147/1147
f 11/11/11 307/307/307 1335/1335/1335
f 1574/1574/1574 1536/1536/1536 1535/1535/1535
f 1575/1575/1575 957/957/957 1614/1614/1614
f 504/504/504 1335/1335/1335 1104/1104/1104
f 577/577/577 1726/1726/1726 1716/1716/1716
f 1578/1578/1578 1540/1540/1540 1539/1539/1539
f 1579/1579/1579 959/959/959 1618/1618/1618
f 540/540/540 939/939/939 638/638/638
f 539/539/539 571/571/571 1533/1533/1533
f 1582/1582/1582 1544/1544/1544 1543/1543/1543
f 1583/1583/1583 961/961/961 1622/1622/1622
f 120/120/120 1137/1137/1137 1134/1134/1134
f 538/538/538 1540/1540/1540 1346/1346/1346
f 470/470/470 1223/1223/1223 980/980/980
f 1587/1587/1587 963/963/963 1548/1548/1548
f 119/119/119 920/920/920 1103/1103/1103
f 10/10/10 492/492/492 5/5/5
f 1551/1551/1551 1590/1590/1590 326/326/326
f 1630/1630/1630 1591/1591/1591 365/365/365
f 1478/1478/1478 1592/1592/1592 1190/1190/1190
f 900/900/900 5/5/5 1500/1500/1500
f 464/464/464 466/466/466 691/691/691
f 536/536/536 937/937/937 1570/1570/1570
f 922/922/922 121/121/121 541/541/541
f 535/535/535 643/643/643 616/616/616
f 1016/1016/1016 1646/1646/1646 729/729/729
f 1638/1638/1638 1599/1599/1599 1200/1200/1200
f 1319/1319/1319 1638/1638/1638 152/152/152
f 534/534/534 1536/1536/1536 487/487/487
f 1792/1792/1792 158/158/158 84/84/84
f 1642/1642/1642 1603/1603/1603 1204/1204/1204
f 1242/1242/1242 1642/1642/1642 602/602/602
f 476/476/476 895/895/895 416/416/416
f 1349/1349/1349 1024/1024/1024 1486/1486/1486
f 638/638/638 20/20/20 540/540/540
f 1206/1206/1206 1608/1608/1608 606/606/606
f 535/535/535 916/916/916 1135/1135/1135
f 1610/1610/1610 1729/1729/1729 1571/1571/1571
f 1611/1611/1611 975/975/975 1650/1650/1650
f 551/551/551 207/207/207 1545/1545/1545
f 1558/1558/1558 642/642/642 524/524/524
f 1614/1614/1614 1576/1576/1576 1575/1575/1575
f 1615/1615/1615 977/977/977 1654/1654/1654
f 487/487/487 638/638/638 939/939/939
f 506/506/506 1109/1109/1109 1106/1106/1106
f 1618/1618/1618 1580/1580/1580 1579/1579/1579
f 1619/1619/1619 979/979/979 1658/1658/1658
f 1479/1479/1479 1342/1342/1342 1486/1486/1486
f 305/305/305 354/354/354 1472/1472/1472
f 1622/1622/1622 1584/1584/1584 1583/1583/1583
f 1623/1623/1623 981/981/981 1662/1662/1662
f 545/545/545 273/273/273 267/267/267
f 508/508/508 923/923/923 1406/1406/1406
f 1291/1291/1291 1212/1212/1212 686/686/686
f 1627/1627/1627 983/983/983 838/838/838
f 507/507/507 1315/1315/1315 1501/1501/1501
f 104/104/104 1105/1105/1105 1102/1102/1102
f 1591/1591/1591 1630/1630/1630 346/346/346
f 1670/1670/1670 1631/1631/1631 385/385/385
f 798/798/798 1632/1632/1632 1230/1230/1230
f 506/506/506 1507/1507/1507 1314/1314/1314
f 1367/1367/1367 1669/1669/1669 1202/1202/1202
f 2/2/2 1306/1306/1306 387/387/387
f 492/492/492 1533/1533/1533 571/571/571
f 868/868/868 387/387/387 1468/1468/1468
f 541/541/541 372/372/372 369/369/369
f 1678/1678/1678 1639/1639/1639 1240/1240/1240
f 706/706/706 1678/1678/1678 172/172/172
f 504/504/504 921/921/921 521/521/521
f 503/503/503 1426/1426/1426 1537/1537/1537
f 174/174/174 1643/1643/1643 1244/1244/1244
f 518/518/518 1134/1134/1134 1137/1137/1137
f 102/102/102 1101/1101/1101 1138/1138/1138
f 502/502/502 1504/1504/1504 1295/1295/1295
f 101/101/101 902/902/902 1107/1107/1107
f 629/629/629 1648/1648/1648 646/646/646
f 1/1/1 1375/1375/1375 410/410/410
f 1650/1650/1650 1612/1612/1612 1611/1611/1611
f 1651/1651/1651 995/995/995 1690/1690/1690
f 864/864/864 410/410/410 1464/1464/1464
f 1/1/1 16/16/16 1538/1538/1538
f 1654/1654/1654 1616/1616/1616 1615/1615/1615
f 1655/1655/1655 997/997/997 1694/1694/1694
f 319/319/319 1538/1538/1538 919/919/919
f 480/480/480 944/944/944 924/924/924
f 1658/1658/1658 1620/1620/1620 1619/1619/1619
f 1659/1659/1659 999/999/999 1698/1698/1698
f 499/499/499 1460/1460/1460 412/412/412
f 10/10/10 45/45/45 1534/1534/1534
f 1662/1662/1662 1624/1624/1624 1623/1623/1623
f 1663/1663/1663 1001/1001/1001 1702/1702/1702
f 317/317/317 1534/1534/1534 917/917/917
f 478/478/478 1045/1045/1045 1025/1025/1025
f 980/980/980 179/179/179 657/657/657
f 1667/1667/1667 1003/1003/1003 1706/1706/1706
f 497/497/497 1456/1456/1456 7/7/7
f 9/9/9 917/917/917 1530/1530/1530
f 1631/1631/1631 1670/1670/1670 366/366/366
f 1710/1710/1710 1671/1671/1671 405/405/405
f 135/135/135 1672/1672/1672 1270/1270/1270
f 315/315/315 1530/1530/1530 915/915/915
f 850/850/850 1173/1173/1173 1133/1133/1133
f 495/495/495 1452/1452/1452 467/467/467
f 1475/1475/1475 1741/1741/1741 1509/1509/1509
f 1369/1369/1369 1159/1159/1159 236/236/236
f 1392/1392/1392 29/29/29 465/465/465
f 1718/1718/1718 1679/1679/1679 1280/1280/1280
f 559/559/559 1718/1718/1718 192/192/192
f 835/835/835 607/607/607 265/265/265
f 828/828/828 1428/1428/1428 637/637/637
f 1722/1722/1722 1683/1683/1683 1284/1284/1284
f 709/709/709 1722/1722/1722 682/682/682
f 2/2/2 427/427/427 1502/1502/1502
f 301/301/301 1502/1502/1502 901/901/901
f 462/462/462 978/978/978 958/958/958
f 1212/1212/1212 1688/1688/1688 686/686/686
f 481/481/481 1424/1424/1424 390/390/390
f 1690/1690/1690 1652/1652/1652 1651/1651/1651
f 1691/1691/1691 1015/1015/1015 1730/1730/1730
f 91/91/91 450/450/450 1466/1466/1466
f 499/499/499 1466/1466/1466 1099/1099/1099
f 1694/1694/1694 1656/1656/1656 1655/1655/1655
f 1695/1695/1695 1017/1017/1017 1734/1734/1734
f 460/460/460 1429/1429/1429 1228/1228/1228
f 479/479/479 1420/1420/1420 721/721/721
f 1698/1698/1698 1660/1660/1660 1659/1659/1659
f 1699/1699/1699 1019/1019/1019 1738/1738/1738
f 100/100/100 472/472/472 1532/1532/1532
f 497/497/497 1532/1532/1532 1097/1097/1097
f 1702/1702/1702 1664/1664/1664 1663/1663/1663
f 1703/1703/1703 1021/1021/1021 1742/1742/1742
f 458/458/458 266/266/266 1788/1788/1788
f 477/477/477 1416/1416/1416 447/447/447
f 1706/1706/1706 1668/1668/1668 1667/1667/1667
f 1707/1707/1707 1023/1023/1023 1746/1746/1746
f 856/856/856 1097/1097/1097 1629/1629/1629
f 495/495/495 1629/1629/1629 1095/1095/1095
f 1671/1671/1671 1710/1710/1710 386/386/386
f 1750/1750/1750 1711/1711/1711 425/425/425
f 1714/1714/1714 1712/1712/1712 1310/1310/1310
f 810/810/810 463/463/463 443/443/443
f 475/475/475 1412/1412/1412 794/794/794
f 332/332/332 298/298/298 4/4/4
f 1473/1473/1473 1524/1524/1524 1043/1043/1043
f 828/828/828 791/791/791 1083/1083/1083
f 29/29/29 1392/1392/1392 607/607/607
f 1758/1758/1758 1719/1719/1719 1320/1320/1320
f 1749/1749/1749 1758/1758/1758 212/212/212
f 788/788/788 1388/1388/1388 971/971/971
f 92/92/92 728/728/728 904/904/904
f 1762/1762/1762 1723/1723/1723 1324/1324/1324
f 1715/1715/1715 1762/1762/1762 722/722/722
f 481/481/481 904/904/904 1081/1081/1081
f 442/442/442 1783/1783/1783 1784/1784/1784
f 461/461/461 1384/1384/1384 681/681/681
f 1680/1680/1680 1728/1728/1728 726/726/726
f 81/81/81 768/768/768 989/989/989
f 1730/1730/1730 1692/1692/1692 1691/1691/1691
f 1731/1731/1731 1035/1035/1035 1770/1770/1770
f 479/479/479 989/989/989 1079/1079/1079
f 440/440/440 1779/1779/1779 1780/1780/1780
f 1734/1734/1734 1696/1696/1696 1695/1695/1695
f 1735/1735/1735 1037/1037/1037 1774/1774/1774
f 459/459/459 1380/1380/1380 1034/1034/1034
f 90/90/90 808/808/808 1065/1065/1065
f 1738/1738/1738 1700/1700/1700 1699/1699/1699
f 1739/1739/1739 1039/1039/1039 1778/1778/1778
f 477/477/477 1065/1065/1065 1077/1077/1077
f 438/438/438 1775/1775/1775 1776/1776/1776
f 1742/1742/1742 1704/1704/1704 1703/1703/1703
f 1743/1743/1743 1041/1041/1041 1782/1782/1782
f 457/457/457 1376/1376/1376 761/761/761
f 816/816/816 1077/1077/1077 1213/1213/1213
f 1746/1746/1746 1708/1708/1708 1707/1707/1707
f 1747/1747/1747 1043/1043/1043 1786/1786/1786
f 475/475/475 1213/1213/1213 1075/1075/1075
f 770/770/770 1771/1771/1771 1772/1772/1772
f 1711/1711/1711 1750/1750/1750 406/406/406
f 1790/1790/1790 1751/1751/1751 445/445/445
f 1435/1435/1435 1752/1752/1752 1350/1350/1350
f 455/455/455 1372/1372/1372 1092/1092/1092
f 1510/1510/1510 298/298/298 486/486/486
f 788/788/788 918/918/918 1063/1063/1063
f 521/521/521 1346/1346/1346 1540/1540/1540
f 1166/1166/1166 1115/1115/1115 1036/1036/1036
f 748/748/748 1348/1348/1348 1399/1399/1399
f 1798/1798/1798 1759/1759/1759 1360/1360/1360
f 1322/1322/1322 1798/1798/1798 232/232/232
f 82/82/82 1050/1050/1050 1145/1145/1145
f 461/461/461 1145/1145/1145 1061/1061/1061
f 1634/1634/1634 1763/1763/1763 1364/1364/1364
f 1279/1279/1279 1634/1634/1634 762/762/762
f 422/422/422 1743/1743/1743 1744/1744/1744
f 441/441/441 1344/1344/1344 1010/1010/1010
f 71/71/71 1074/1074/1074 1506/1506/1506
f 1235/1235/1235 1768/1768/1768 766/766/766
f 459/459/459 1506/1506/1506 1059/1059/1059
f 1770/1770/1770 1732/1732/1732 1731/1731/1731
f 1771/1771/1771 1055/1055/1055 483/483/483
f 420/420/420 1739/1739/1739 1740/1740/1740
f 439/439/439 1340/1340/1340 1520/1520/1520
f 1774/1774/1774 1736/1736/1736 1735/1735/1735
f 1775/1775/1775 1057/1057/1057 733/733/733
f 80/80/80 1119/1119/1119 733/733/733
f 457/457/457 733/733/733 1057/1057/1057
f 1778/1778/1778 1740/1740/1740 1739/1739/1739
f 1779/1779/1779 1059/1059/1059 1506/1506/1506
f 418/418/418 1735/1735/1735 1736/1736/1736
f 437/437/437 1336/1336/1336 1071/1071/1071
f 1782/1782/1782 1744/1744/1744 1743/1743/1743
f 1783/1783/1783 1061/1061/1061 1145/1145/1145
f 776/776/776 1057/1057/1057 483/483/483
f 455/455/455 483/483/483 1055/1055/1055
f 799/799/799 670/670/670 572/572/572
f 1787/1787/1787 1063/1063/1063 918/918/918
f 730/730/730 1731/1731/1731 1732/1732/1732
f 435/435/435 1332/1332/1332 1595/1595/1595
f 1751/1751/1751 1790/1790/1790 426/426/426
f 158/158/158 1791/1791/1791 465/465/465
f 990/990/990 1792/1792/1792 1390/1390/1390
f 1122/1122/1122 1379/1379/1379 1038/1038/1038
f 748/748/748 1786/1786/1786 1043/1043/1043
f 404/404/404 1707/1707/1707 1708/1708/1708
f 554/554/554 1103/1103/1103 920/920/920
f 423/423/423 1308/1308/1308 1793/1793/1793
f 72/72/72 1524/1524/1524 1782/1782/1782
f 1682/1682/1682 1345/1345/1345 1400/1400/1400
f 932/932/932 1682/1682/1682 252/252/252
f 441/441/441 1782/1782/1782 1041/1041/1041
f 402/402/402 1703/1703/1703 1704/1704/1704
f 1433/1433/1433 1431/1431/1431 1404/1404/1404
f 911/911/911 1433/1433/1433 802/802/802
f 421/421/421 1304/1304/1304 1475/1475/1475
f 61/61/61 1564/1564/1564 1778/1778/1778
f 439/439/439 1778/1778/1778 1039/1039/1039
f 881/881/881 752/752/752 806/806/806
f 400/400/400 1699/1699/1699 1700/1700/1700
f 483/483/483 1772/1772/1772 1771/1771/1771
f 463/463/463 1075/1075/1075 1213/1213/1213
f 419/419/419 1300/1300/1300 238/238/238
f 70/70/70 1604/1604/1604 1774/1774/1774
f 733/733/733 1776/1776/1776 1775/1775/1775
f 266/266/266 1077/1077/1077 1065/1065/1065
f 437/437/437 1774/1774/1774 1037/1037/1037
f 398/398/398 1695/1695/1695 1696/1696/1696
f 1506/1506/1506 1780/1780/1780 1779/1779/1779
f 1429/1429/1429 1079/1079/1079 989/989/989
f 417/417/417 1296/1296/1296 1560/1560/1560
f 736/736/736 1037/1037/1037 1770/1770/1770
f 1145/1145/1145 1784/1784/1784 1783/1783/1783
f 978/978/978 1081/1081/1081 904/904/904
f 435/435/435 1770/1770/1770 1035/1035/1035
f 690/690/690 1691/1691/1691 1692/1692/1692
f 1491/1491/1491 1761/1761/1761 293/293/293
f 193/193/193 1083/1083/1083 791/791/791
f 415/415/415 1292/1292/1292 1296/1296/1296
f 286/286/286 486/486/486 1469/1469/1469
f 1791/1791/1791 158/158/158 446/446/446
f 631/631/631 143/143/143 485/485/485
f 651/651/651 138/138/138 1430/1430/1430
f 423/423/423 1746/1746/1746 1023/1023/1023
f 384/384/384 1667/1667/1667 1668/1668/1668
f 403/403/403 1268/1268/1268 96/96/96
f 1524/1524/1524 72/72/72 748/748/748
f 62/62/62 73/73/73 1742/1742/1742
f 421/421/421 1742/1742/1742 1021/1021/1021
f 93/93/93 1665/1665/1665 1440/1440/1440
f 594/594/594 93/93/93 272/272/272
f 382/382/382 1663/1663/1663 1664/1664/1664
f 401/401/401 1264/1264/1264 115/115/115
f 1490/1490/1490 1410/1410/1410 1444/1444/1444
f 561/561/561 1490/1490/1490 842/842/842
f 51/51/51 896/896/896 1738/1738/1738
f 419/419/419 1738/1738/1738 1019/1019/1019
f 380/380/380 1659/1659/1659 1660/1660/1660
f 528/528/528 1253/1253/1253 846/846/846
f 399/399/399 1260/1260/1260 329/329/329
f 1213/1213/1213 443/443/443 463/463/463
f 1173/1173/1173 1095/1095/1095 1629/1629/1629
f 60/60/60 59/59/59 1734/1734/1734
f 417/417/417 1734/1734/1734 1017/1017/1017
f 1065/1065/1065 1788/1788/1788 266/266/266
f 1045/1045/1045 1097/1097/1097 1532/1532/1532
f 378/378/378 1655/1655/1655 1656/1656/1656
f 397/397/397 1256/1256/1256 1012/1012/1012
f 989/989/989 1228/1228/1228 1429/1429/1429
f 944/944/944 1099/1099/1099 1466/1466/1466
f 696/696/696 1017/1017/1017 1730/1730/1730
f 415/415/415 1730/1730/1730 1015/1015/1015
f 904/904/904 958/958/958 978/978/978
f 885/885/885 901/901/901 1502/1502/1502
f 650/650/650 1651/1651/1651 1652/1652/1652
f 395/395/395 1252/1252/1252 509/509/509
f 1425/1425/1425 264/264/264 464/464/464
f 1729/1729/1729 1610/1610/1610 957/957/957
f 23/23/23 138/138/138 631/631/631
f 403/403/403 1706/1706/1706 1003/1003/1003
f 143/143/143 631/631/631 466/466/466
f 1510/1510/1510 370/370/370 305/305/305
f 371/371/371 298/298/298 1470/1470/1470
f 1432/1432/1432 23/23/23 485/485/485
f 383/383/383 803/803/803 106/106/106
f 52/52/52 349/349/349 1702/1702/1702
f 571/571/571 5/5/5 492/492/492
f 401/401/401 1702/1702/1702 1001/1001/1001
f 362/362/362 1623/1623/1623 1624/1624/1624
f 1518/1518/1518 83/83/83 1480/1480/1480
f 330/330/330 1518/1518/1518 292/292/292
f 381/381/381 1224/1224/1224 194/194/194
f 41/41/41 456/456/456 1698/1698/1698
f 1522/1522/1522 444/444/444 1484/1484/1484
f 310/310/310 1522/1522/1522 882/882/882
f 399/399/399 1698/1698/1698 999/999/999
f 360/360/360 1619/1619/1619 1620/1620/1620
f 379/379/379 1220/1220/1220 874/874/874
f 87/87/87 1709/1709/1709 886/886/886
f 50/50/50 523/523/523 1694/1694/1694
f 1629/1629/1629 1133/1133/1133 1173/1173/1173
f 1597/1597/1597 915/915/915 1530/1530/1530
f 397/397/397 1694/1694/1694 997/997/997
f 358/358/358 1615/1615/1615 1616/1616/1616
f 1532/1532/1532 1025/1025/1025 1045/1045/1045
f 1495/1495/1495 917/917/917 1534/1534/1534
f 377/377/377 1216/1216/1216 416/416/416
f 656/656/656 997/997/997 1690/1690/1690
f 1466/1466/1466 924/924/924 944/944/944
f 1455/1455/1455 919/919/919 1538/1538/1538
f 395/395/395 1690/1690/1690 995/995/995
f 1438/1438/1438 1464/1464/1464 410/410/410
f 610/610/610 1611/1611/1611 1612/1612/1612
f 1504/1504/1504 502/502/502 302/302/302
f 875/875/875 334/334/334 285/285/285
f 1426/1426/1426 503/503/503 501/501/501
f 1688/1688/1688 1234/1234/1234 686/686/686
f 383/383/383 838/838/838 983/983/983
f 1335/1335/1335 369/369/369 372/372/372
f 1318/1318/1318 1468/1468/1468 387/387/387
f 1312/1312/1312 1442/1442/1442 225/225/225
f 1507/1507/1507 506/506/506 304/304/304
f 363/363/363 1188/1188/1188 1434/1434/1434
f 1315/1315/1315 507/507/507 505/505/505
f 42/42/42 879/879/879 1662/1662/1662
f 381/381/381 1662/1662/1662 981/981/981
f 1273/1273/1273 267/267/267 273/273/273
f 1505/1505/1505 1472/1472/1472 354/354/354
f 342/342/342 1583/1583/1583 1584/1584/1584
f 1512/1512/1512 1247/1247/1247 306/306/306
f 361/361/361 1184/1184/1184 826/826/826
f 763/763/763 1234/1234/1234 58/58/58
f 31/31/31 952/952/952 1658/1658/1658
f 379/379/379 1658/1658/1658 979/979/979
f 1205/1205/1205 1545/1545/1545 207/207/207
f 340/340/340 1579/1579/1579 1580/1580/1580
f 1127/1127/1127 1165/1165/1165 515/515/515
f 110/110/110 1162/1162/1162 308/308/308
f 359/359/359 1180/1180/1180 1600/1600/1600
f 1165/1165/1165 1127/1127/1127 1167/1167/1167
f 40/40/40 1053/1053/1053 1654/1654/1654
f 377/377/377 1654/1654/1654 977/977/977
f 338/338/338 1575/1575/1575 1576/1576/1576
f 312/312/312 1033/1033/1033 880/880/880
f 920/920/920 119/119/119 537/537/537
f 1558/1558/1558 991/991/991 1519/1519/1519
f 357/357/357 1176/1176/1176 931/931/931
f 312/312/312 1162/1162/1162 1033/1033/1033
f 39/39/39 977/977/977 1650/1650/1650
f 375/375/375 1650/1650/1650 975/975/975
f 570/570/570 1571/1571/1571 1729/1729/1729
f 832/832/832 909/909/909 884/884/884
f 755/755/755 1435/1435/1435 1350/1350/1350
f 1562/1562/1562 872/872/872 1523/1523/1523
f 590/590/590 1570/1570/1570 937/937/937
f 832/832/832 1123/1123/1123 909/909/909
f 682/682/682 1212/1212/1212 1287/1287/1287
f 363/363/363 1548/1548/1548 963/963/963
f 523/523/523 396/396/396 1656/1656/1656
f 343/343/343 1148/1148/1148 146/146/146
f 1026/1026/1026 1435/1435/1435 225/225/225
f 1528/1528/1528 789/789/789 1527/1527/1527
f 32/32/32 1626/1626/1626 1622/1622/1622
f 971/971/971 918/918/918 788/788/788
f 361/361/361 1622/1622/1622 961/961/961
f 322/322/322 1543/1543/1543 1544/1544/1544
f 341/341/341 1144/1144/1144 1529/1529/1529
f 56/56/56 688/688/688 892/892/892
f 672/672/672 685/685/685 1131/1131/1131
f 413/413/413 719/719/719 1328/1328/1328
f 21/21/21 1684/1684/1684 1618/1618/1618
f 685/685/685 672/672/672 529/529/529
f 359/359/359 1618/1618/1618 959/959/959
f 320/320/320 1539/1539/1539 1540/1540/1540
f 1132/1132/1132 647/647/647 569/569/569
f 643/643/643 1496/1496/1496 616/616/616
f 339/339/339 1140/1140/1140 307/307/307
f 1536/1536/1536 534/534/534 318/318/318
f 30/30/30 1769/1769/1769 1614/1614/1614
f 643/643/643 535/535/535 533/533/533
f 357/357/357 1614/1614/1614 957/957/957
f 318/318/318 1535/1535/1535 1536/1536/1536
f 682/682/682 719/719/719 1687/1687/1687
f 589/589/589 1500/1500/1500 5/5/5
f 337/337/337 1136/1136/1136 1676/1676/1676
f 1540/1540/1540 538/538/538 320/320/320
f 132/132/132 564/564/564 1563/1563/1563
f 571/571/571 539/539/539 537/537/537
f 355/355/355 1610/1610/1610 955/955/955
f 530/530/530 1531/1531/1531 590/590/590
f 469/469/469 1716/1716/1716 1726/1726/1726
f 372/372/372 1104/1104/1104 1335/1335/1335
f 1259/1259/1259 177/177/177 653/653/653
f 1544/1544/1544 542/542/542 322/322/322
f 1474/1474/1474 550/550/550 48/48/48
f 369/369/369 543/543/543 541/541/541
f 343/343/343 253/253/253 943/943/943
f 611/611/611 550/550/550 652/652/652
f 287/287/287 1636/1636/1636 1649/1649/1649
f 273/273/273 1108/1108/1108 1273/1273/1273
f 323/323/323 1108/1108/1108 1205/1205/1205
f 1547/1547/1547 546/546/546 324/324/324
f 22/22/22 327/327/327 1582/1582/1582
f 267/267/267 547/547/547 545/545/545
f 341/341/341 1582/1582/1582 941/941/941
f 302/302/302 1503/1503/1503 1504/1504/1504
f 213/213/213 1569/1569/1569 1586/1586/1586
f 207/207/207 1112/1112/1112 1205/1205/1205
f 321/321/321 1104/1104/1104 233/233/233
f 1552/1552/1552 167/167/167 326/326/326
f 11/11/11 521/521/521 1578/1578/1578
f 646/646/646 611/611/611 176/176/176
f 339/339/339 1578/1578/1578 939/939/939
f 500/500/500 1455/1455/1455 1439/1439/1439
f 146/146/146 1585/1585/1585 1492/1492/1492
f 319/319/319 1500/1500/1500 1375/1375/1375
f 99/99/99 127/127/127 555/555/555
f 130/130/130 114/114/114 328/328/328
f 20/20/20 638/638/638 1574/1574/1574
f 127/127/127 99/99/99 134/134/134
f 337/337/337 1574/1574/1574 937/937/937
f 498/498/498 1495/1495/1495 1485/1485/1485
f 317/317/317 1496/1496/1496 492/492/492
f 929/929/929 65/65/65 520/520/520
f 1752/1752/1752 1353/1353/1353 1350/1350/1350
f 1598/1598/1598 49/49/49 1559/1559/1559
f 756/756/756 1353/1353/1353 74/74/74
f 929/929/929 114/114/114 65/65/65
f 335/335/335 1570/1570/1570 935/935/935
f 890/890/890 1597/1597/1597 1572/1572/1572
f 995/995/995 611/611/611 652/652/652
f 642/642/642 107/107/107 524/524/524
f 638/638/638 487/487/487 1536/1536/1536
f 1602/1602/1602 154/154/154 1563/1563/1563
f 373/373/373 1645/1645/1645 38/38/38
f 642/642/642 1163/1163/1163 107/107/107
f 323/323/323 1314/1314/1314 923/923/923
f 484/484/484 751/751/751 711/711/711
f 303/303/303 1468/1468/1468 354/354/354
f 12/12/12 1406/1406/1406 1542/1542/1542
f 1443/1443/1443 553/553/553 269/269/269
f 1568/1568/1568 792/792/792 1567/1567/1567
f 321/321/321 1542/1542/1542 921/921/921
f 598/598/598 1645/1645/1645 1251/1251/1251
f 482/482/482 885/885/885 871/871/871
f 301/301/301 1464/1464/1464 1306/1306/1306
f 119/119/119 1537/1537/1537 589/589/589
f 647/647/647 1132/1132/1132 532/532/532
f 1231/1231/1231 1207/1207/1207 1171/1171/1171
f 1249/1249/1249 563/563/563 176/176/176
f 894/894/894 1494/1494/1494 46/46/46
f 1207/1207/1207 1231/1231/1231 569/569/569
f 863/863/863 1463/1463/1463 414/414/414
f 897/897/897 15/15/15 1100/1100/1100
f 1172/1172/1172 670/670/670 609/609/609
f 1796/1796/1796 1136/1136/1136 1756/1756/1756
f 117/117/117 1533/1533/1533 643/643/643
f 1576/1576/1576 574/574/574 338/338/338
f 890/890/890 1493/1493/1493 66/66/66
f 1796/1796/1796 575/575/575 573/573/573
f 899/899/899 1499/1499/1499 15/15/15
f 893/893/893 37/37/37 1098/1098/1098
f 646/646/646 563/563/563 1251/1251/1251
f 1726/1726/1726 1140/1140/1140 469/469/469
f 1327/1327/1327 1328/1328/1328 1673/1673/1673
f 1580/1580/1580 578/578/578 340/340/340
f 413/413/413 1725/1725/1725 58/58/58
f 1716/1716/1716 579/579/579 577/577/577
f 286/286/286 1469/1469/1469 394/394/394
f 23/23/23 1432/1432/1432 334/334/334
f 1666/1666/1666 972/972/972 985/985/985
f 1649/1649/1649 1144/1144/1144 287/287/287
f 103/103/103 1505/1505/1505 1318/1318/1318
f 1584/1584/1584 582/582/582 342/342/342
f 862/862/862 1462/1462/1462 429/429/429
f 1636/1636/1636 583/583/583 581/581/581
f 374/374/374 1471/1471/1471 1086/1086/1086
f 865/865/865 391/391/391 1084/1084/1084
f 1588/1588/1588 887/887/887 888/888/888
f 1586/1586/1586 1148/1148/1148 213/213/213
f 101/101/101 1501/1501/1501 1438/1438/1438
f 1587/1587/1587 586/586/586 344/344/344
f 898/898/898 1498/1498/1498 17/17/17
f 1569/1569/1569 587/587/587 585/585/585
f 867/867/867 1467/1467/1467 391/391/391
f 861/861/861 414/414/414 1082/1082/1082
f 1508/1508/1508 843/843/843 855/855/855
f 1492/1492/1492 1152/1152/1152 146/146/146
f 299/299/299 1482/1482/1482 26/26/26
f 1592/1592/1592 1478/1478/1478 346/346/346
f 854/854/854 1454/1454/1454 474/474/474
f 1644/1644/1644 1725/1725/1725 1331/1331/1331
f 823/823/823 1423/1423/1423 727/727/727
f 857/857/857 449/449/449 1080/1080/1080
f 1434/1434/1434 1625/1625/1625 801/801/801
f 297/297/297 1556/1556/1556 55/55/55
f 1394/1394/1394 1402/1402/1402 595/595/595
f 150/150/150 1398/1398/1398 348/348/348
f 850/850/850 1453/1453/1453 494/494/494
f 1402/1402/1402 1394/1394/1394 1408/1408/1408
f 859/859/859 1459/1459/1459 449/449/449
f 853/853/853 471/471/471 1078/1078/1078
f 1452/1452/1452 295/295/295 55/55/55
f 47/47/47 1354/1354/1354 560/560/560
f 1139/1139/1139 117/117/117 533/533/533
f 1638/1638/1638 1319/1319/1319 1599/1599/1599
f 1207/1207/1207 647/647/647 18/18/18
f 47/47/47 1398/1398/1398 1354/1354/1354
f 938/938/938 971/971/971 1388/1388/1388
f 1119/1119/1119 1070/1070/1070 1776/1776/1776
f 283/283/283 831/831/831 409/409/409
f 1238/1238/1238 1274/1274/1274 564/564/564
f 775/775/775 647/647/647 532/532/532
f 1642/1642/1642 1242/1242/1242 1603/1603/1603
f 822/822/822 1422/1422/1422 731/731/731
f 1238/1238/1238 1203/1203/1203 1274/1274/1274
f 673/673/673 1064/1064/1064 1066/1066/1066
f 825/825/825 687/687/687 1064/1064/1064
f 281/281/281 905/905/905 431/431/431
f 858/858/858 1458/1458/1458 451/451/451
f 526/526/526 775/775/775 116/116/116
f 1608/1608/1608 1206/1206/1206 1607/1607/1607
f 827/827/827 1427/1427/1427 687/687/687
f 593/593/593 1255/1255/1255 976/976/976
f 821/821/821 727/727/727 1062/1062/1062
f 279/279/279 1005/1005/1005 454/454/454
f 814/814/814 1414/1414/1414 811/811/811
f 670/670/670 1172/1172/1172 572/572/572
f 1118/1118/1118 1158/1158/1158 1211/1211/1211
f 996/996/996 1358/1358/1358 689/689/689
f 783/783/783 1383/1383/1383 1049/1049/1049
f 1158/1158/1158 1118/1118/1118 609/609/609
f 817/817/817 767/767/767 1060/1060/1060
f 277/277/277 1085/1085/1085 489/489/489
f 599/599/599 1113/1113/1113 649/649/649
f 1093/1093/1093 1176/1176/1176 1013/1013/1013
f 810/810/810 1413/1413/1413 847/847/847
f 1616/1616/1616 614/614/614 358/358/358
f 819/819/819 1419/1419/1419 767/767/767
f 1093/1093/1093 615/615/615 613/613/613
f 813/813/813 807/807/807 1058/1058/1058
f 1412/1412/1412 275/275/275 489/489/489
f 1645/1645/1645 598/598/598 38/38/38
f 985/985/985 1180/1180/1180 1666/1666/1666
f 935/935/935 775/775/775 532/532/532
f 1620/1620/1620 618/618/618 360/360/360
f 246/246/246 1389/1389/1389 1014/1014/1014
f 972/972/972 619/619/619 617/617/617
f 1465/1465/1465 284/284/284 484/484/484
f 263/263/263 938/938/938 713/713/713
f 895/895/895 476/476/476 496/496/496
f 888/888/888 1184/1184/1184 1588/1588/1588
f 782/782/782 1382/1382/1382 1051/1051/1051
f 1624/1624/1624 622/622/622 362/362/362
f 992/992/992 1391/1391/1391 1046/1046/1046
f 887/887/887 623/623/623 621/621/621
f 785/785/785 1011/1011/1011 1044/1044/1044
f 261/261/261 1185/1185/1185 753/753/753
f 866/866/866 367/367/367 376/376/376
f 855/855/855 1188/1188/1188 1508/1508/1508
f 818/818/818 1418/1418/1418 771/771/771
f 1627/1627/1627 626/626/626 164/164/164
f 787/787/787 1387/1387/1387 1011/1011/1011
f 843/843/843 627/627/627 625/625/625
f 781/781/781 1049/1049/1049 1042/1042/1042
f 259/259/259 1748/1748/1748 793/793/793
f 803/803/803 254/254/254 274/274/274
f 801/801/801 1192/1192/1192 1434/1434/1434
f 774/774/774 1374/1374/1374 1122/1122/1122
f 1632/1632/1632 798/798/798 366/366/366
f 743/743/743 1343/1343/1343 1521/1521/1521
f 1113/1113/1113 598/598/598 649/649/649
f 777/777/777 1072/1072/1072 1040/1040/1040
f 257/257/257 424/424/424 833/833/833
f 632/632/632 671/671/671 155/155/155
f 770/770/770 1373/1373/1373 1166/1166/1166
f 746/746/746 758/758/758 635/635/635
f 170/170/170 749/749/749 368/368/368
f 779/779/779 1379/1379/1379 1072/1072/1072
f 758/758/758 746/746/746 759/759/759
f 773/773/773 1115/1115/1115 1038/1038/1038
f 1372/1372/1372 255/255/255 833/833/833
f 313/313/313 1525/1525/1525 8/8/8
f 1278/1278/1278 718/718/718 600/600/600
f 685/685/685 1525/1525/1525 1131/1131/1131
f 1678/1678/1678 706/706/706 1639/1639/1639
f 226/226/226 1349/1349/1349 1486/1486/1486
f 1278/1278/1278 749/749/749 718/718/718
f 722/722/722 1713/1713/1713 1727/1727/1727
f 243/243/243 1785/1785/1785 1030/1030/1030
f 742/742/742 1342/1342/1342 1526/1526/1526
f 641/641/641 678/678/678 604/604/604
f 1129/1129/1129 672/672/672 116/116/116
f 174/174/174 666/666/666 1643/1643/1643
f 1442/1442/1442 1351/1351/1351 1026/1026/1026
f 641/641/641 1243/1243/1243 678/678/678
f 745/745/745 1479/1479/1479 1024/1024/1024
f 241/241/241 1781/1781/1781 1054/1054/1054
f 778/778/778 1378/1378/1378 1089/1089/1089
f 747/747/747 1347/1347/1347 1479/1479/1479
f 526/526/526 672/672/672 1131/1131/1131
f 1648/1648/1648 629/629/629 1647/1647/1647
f 741/741/741 1521/1521/1521 1022/1022/1022
f 550/550/550 1474/1474/1474 689/689/689
f 239/239/239 1777/1777/1777 1091/1091/1091
f 734/734/734 1334/1334/1334 1606/1606/1606
f 703/703/703 1303/1303/1303 198/198/198
f 1113/1113/1113 599/599/599 612/612/612
f 563/563/563 598/598/598 1251/1251/1251
f 976/976/976 599/599/599 649/649/649
f 737/737/737 1561/1561/1561 1020/1020/1020
f 598/598/598 563/563/563 649/649/649
f 237/237/237 1773/1773/1773 1153/1153/1153
f 730/730/730 1333/1333/1333 1641/1641/1641
f 1358/1358/1358 550/550/550 689/689/689
f 549/549/549 1216/1216/1216 519/519/519
f 739/739/739 1339/1339/1339 1561/1561/1561
f 1656/1656/1656 654/654/654 378/378/378
f 217/217/217 1601/1601/1601 1018/1018/1018
f 549/549/549 655/655/655 653/653/653
f 1332/1332/1332 235/235/235 1153/1153/1153
f 637/637/637 791/791/791 828/828/828
f 679/679/679 1135/1135/1135 916/916/916
f 496/496/496 1220/1220/1220 895/895/895
f 206/206/206 1309/1309/1309 1450/1450/1450
f 1660/1660/1660 658/658/658 380/380/380
f 1554/1554/1554 1311/1311/1311 1006/1006/1006
f 476/476/476 659/659/659 657/657/657
f 223/223/223 1745/1745/1745 1513/1513/1513
f 702/702/702 1302/1302/1302 218/218/218
f 392/392/392 797/797/797 712/712/712
f 376/376/376 1224/1224/1224 866/866/866
f 1487/1487/1487 77/77/77 291/291/291
f 1664/1664/1664 662/662/662 382/382/382
f 705/705/705 1194/1194/1194 1004/1004/1004
f 367/367/367 663/663/663 661/661/661
f 221/221/221 1741/1741/1741 1553/1553/1553
f 738/738/738 1338/1338/1338 1566/1566/1566
f 309/309/309 1797/1797/1797 1724/1724/1724
f 958/958/958 904/904/904 728/728/728
f 707/707/707 1307/1307/1307 1194/1194/1194
f 1668/1668/1668 186/186/186 384/384/384
f 701/701/701 198/198/198 1002/1002/1002
f 254/254/254 667/667/667 665/665/665
f 219/219/219 1737/1737/1737 1593/1593/1593
f 694/694/694 1294/1294/1294 43/43/43
f 166/166/166 1370/1370/1370 1290/1290/1290
f 632/632/632 155/155/155 1232/1232/1232
f 663/663/663 1263/1263/1263 336/336/336
f 1672/1672/1672 135/135/135 386/386/386
f 697/697/697 930/930/930 1000/1000/1000
f 1685/1685/1685 1474/1474/1474 48/48/48
f 217/217/217 1733/1733/1733 1633/1633/1633
f 690/690/690 1293/1293/1293 13/13/13
f 96/96/96 1705/1705/1705 1554/1554/1554
f 699/699/699 1299/1299/1299 930/930/930
f 36/36/36 85/85/85 675/675/675
f 190/190/190 76/76/76 388/388/388
f 693/693/693 69/69/69 998/998/998
f 85/85/85 36/36/36 95/95/95
f 1292/1292/1292 215/215/215 1633/1633/1633
f 1316/1316/1316 1395/1395/1395 1720/1720/1720
f 186/186/186 1269/1269/1269 234/234/234
f 187/187/187 558/558/558 640/640/640
f 1525/1525/1525 685/685/685 8/8/8
f 1718/1718/1718 559/559/559 1679/1679/1679
f 155/155/155 1271/1271/1271 986/986/986
f 187/187/187 76/76/76 558/558/558
f 203/203/203 1705/1705/1705 1290/1290/1290
f 662/662/662 1262/1262/1262 356/356/356
f 1356/1356/1356 970/970/970 1286/1286/1286
f 1114/1114/1114 683/683/683 644/644/644
f 56/56/56 685/685/685 529/529/529
f 1722/1722/1722 709/709/709 1683/1683/1683
f 665/665/665 214/214/214 984/984/984
f 1114/1114/1114 1283/1283/1283 683/683/683
f 201/201/201 1701/1701/1701 1724/1724/1724
f 698/698/698 1298/1298/1298 830/830/830
f 667/667/667 1267/1267/1267 214/214/214
f 661/661/661 336/336/336 982/982/982
f 831/831/831 637/637/637 1428/1428/1428
f 1688/1688/1688 1212/1212/1212 1687/1687/1687
f 199/199/199 1697/1697/1697 712/712/712
f 716/716/716 1393/1393/1393 1395/1395/1395
f 654/654/654 1254/1254/1254 531/531/531
f 623/623/623 1223/1223/1223 878/878/878
f 657/657/657 436/436/436 980/980/980
f 550/550/550 1358/1358/1358 652/652/652
f 974/974/974 1474/1474/1474 1291/1291/1291
f 756/756/756 969/969/969 970/970/970
f 197/197/197 1693/1693/1693 695/695/695
f 1474/1474/1474 974/974/974 689/689/689
f 1255/1255/1255 650/650/650 1250/1250/1250
f 659/659/659 1259/1259/1259 436/436/436
f 1646/1646/1646 763/763/763 729/729/729
f 695/695/695 1256/1256/1256 509/509/509
f 653/653/653 1250/1250/1250 1259/1259/1259
f 1696/1696/1696 694/694/694 398/398/398
f 1252/1252/1252 195/195/195 695/695/695
f 695/695/695 195/195/195 693/693/693
f 653/653/653 1255/1255/1255 1250/1250/1250
f 626/626/626 1229/1229/1229 839/839/839
f 916/916/916 688/688/688 529/529/529
f 712/712/712 1260/1260/1260 392/392/392
f 801/801/801 786/786/786 966/966/966
f 1700/1700/1700 698/698/698 400/400/400
f 183/183/183 106/106/106 274/274/274
f 797/797/797 699/699/699 697/697/697
f 622/622/622 1222/1222/1222 883/883/883
f 871/871/871 1502/1502/1502 427/427/427
f 1239/1239/1239 1589/1589/1589 1593/1593/1593
f 1724/1724/1724 1264/1264/1264 309/309/309
f 625/625/625 829/829/829 964/964/964
f 1704/1704/1704 702/702/702 402/402/402
f 181/181/181 1661/1661/1661 376/376/376
f 1797/1797/1797 703/703/703 701/701/701
f 658/658/658 1258/1258/1258 470/470/470
f 627/627/627 1227/1227/1227 829/829/829
f 648/648/648 1549/1549/1549 1553/1553/1553
f 1290/1290/1290 1268/1268/1268 166/166/166
f 621/621/621 878/878/878 962/962/962
f 1708/1708/1708 206/206/206 404/404/404
f 179/179/179 1657/1657/1657 496/496/496
f 1370/1370/1370 707/707/707 705/705/705
f 614/614/614 1214/1214/1214 1073/1073/1073
f 583/583/583 1183/1183/1183 1609/1609/1609
f 178/178/178 1509/1509/1509 1513/1513/1513
f 1554/1554/1554 1272/1272/1272 96/96/96
f 617/617/617 945/945/945 960/960/960
f 1712/1712/1712 1714/1714/1714 406/406/406
f 177/177/177 1653/1653/1653 549/549/549
f 13/13/13 69/69/69 996/996/996
f 1215/1215/1215 610/610/610 1210/1210/1210
f 619/619/619 1219/1219/1219 945/945/945
f 1312/1312/1312 1745/1745/1745 1442/1442/1442
f 613/613/613 1210/1210/1210 1219/1219/1219
f 1760/1760/1760 1766/1766/1766 715/715/715
f 210/210/210 1764/1764/1764 408/408/408
f 1128/1128/1128 565/565/565 133/133/133
f 1766/1766/1766 1760/1760/1760 1789/1789/1789
f 613/613/613 1215/1215/1215 1210/1210/1210
f 344/344/344 1186/1186/1186 1191/1191/1191
f 1492/1492/1492 1448/1448/1448 946/946/946
f 669/669/669 1753/1753/1753 680/680/680
f 35/35/35 1393/1393/1393 64/64/64
f 1758/1758/1758 1749/1749/1749 1719/1719/1719
f 163/163/163 1625/1625/1625 855/855/855
f 669/669/669 1764/1764/1764 1753/1753/1753
f 582/582/582 1182/1182/1182 1628/1628/1628
f 1186/1186/1186 591/591/591 1191/1191/1191
f 585/585/585 1546/1546/1546 1191/1191/1191
f 1686/1686/1686 1717/1717/1717 684/684/684
f 522/522/522 1562/1562/1562 1527/1527/1527
f 1762/1762/1762 1715/1715/1715 1723/1723/1723
f 161/161/161 1621/1621/1621 888/888/888
f 1686/1686/1686 1323/1323/1323 1717/1717/1717
f 618/618/618 1218/1218/1218 965/965/965
f 587/587/587 1187/1187/1187 1546/1546/1546
f 581/581/581 1609/1609/1609 942/942/942
f 159/159/159 1617/1617/1617 985/985/985
f 645/645/645 666/666/666 1245/1245/1245
f 1728/1728/1728 1680/1680/1680 1727/1727/1727
f 574/574/574 1174/1174/1174 1795/1795/1795
f 1327/1327/1327 1325/1325/1325 725/725/725
f 543/543/543 1143/1143/1143 314/314/314
f 577/577/577 1681/1681/1681 940/940/940
f 157/157/157 1613/1613/1613 1093/1093/1093
f 763/763/763 1646/1646/1646 692/692/692
f 1637/1637/1637 1644/1644/1644 1331/1331/1331
f 550/550/550 611/611/611 48/48/48
f 1175/1175/1175 570/570/570 1170/1170/1170
f 1644/1644/1644 1637/1637/1637 729/729/729
f 579/579/579 1179/1179/1179 1681/1681/1681
f 573/573/573 1170/1170/1170 1179/1179/1179
f 1195/1195/1195 1635/1635/1635 769/769/769
f 1075/1075/1075 463/463/463 256/256/256
f 1648/1648/1648 611/611/611 646/646/646
f 1736/1736/1736 734/734/734 418/418/418
f 573/573/573 1175/1175/1175 1170/1170/1170
f 1633/1633/1633 215/215/215 217/217/217
f 324/324/324 1146/1146/1146 1151/1151/1151
f 207/207/207 147/147/147 926/926/926
f 1124/1124/1124 131/131/131 933/933/933
f 1593/1593/1593 1300/1300/1300 1239/1239/1239
f 585/585/585 1585/1585/1585 1586/1586/1586
f 1740/1740/1740 738/738/738 420/420/420
f 542/542/542 1142/1142/1142 364/364/364
f 1589/1589/1589 739/739/739 737/737/737
f 1146/1146/1146 551/551/551 1151/1151/1151
f 545/545/545 247/247/247 1151/1151/1151
f 1555/1555/1555 1090/1090/1090 1091/1091/1091
f 1553/1553/1553 1304/1304/1304 648/648/648
f 141/141/141 1581/1581/1581 1649/1649/1649
f 1744/1744/1744 742/742/742 422/422/422
f 578/578/578 1178/1178/1178 1689/1689/1689
f 1549/1549/1549 743/743/743 741/741/741
f 547/547/547 1147/1147/1147 247/247/247
f 541/541/541 314/314/314 922/922/922
f 1515/1515/1515 1052/1052/1052 1054/1054/1054
f 1513/1513/1513 1308/1308/1308 178/178/178
f 139/139/139 1577/1577/1577 1726/1726/1726
f 1747/1747/1747 226/226/226 224/224/224
f 534/534/534 1134/1134/1134 639/639/639
f 1509/1509/1509 747/747/747 745/745/745
f 503/503/503 1103/1103/1103 1386/1386/1386
f 537/537/537 518/518/518 920/920/920
f 1446/1446/1446 1029/1029/1029 1030/1030/1030
f 1745/1745/1745 1312/1312/1312 1793/1793/1793
f 137/137/137 1573/1573/1573 1796/1796/1796
f 1752/1752/1752 1435/1435/1435 426/426/426
f 1135/1135/1135 530/530/530 1130/1130/1130
f 1245/1245/1245 629/629/629 173/173/173
f 539/539/539 1139/1139/1139 518/518/518
f 533/533/533 1130/1130/1130 1139/1139/1139
f 1352/1352/1352 1785/1785/1785 992/992/992
f 1251/1251/1251 629/629/629 646/646/646
f 1359/1359/1359 1393/1393/1393 755/755/755
f 230/230/230 1366/1366/1366 428/428/428
f 533/533/533 1135/1135/1135 1130/1130/1130
f 1393/1393/1393 1359/1359/1359 1395/1395/1395
f 304/304/304 1106/1106/1106 1111/1111/1111
f 1266/1266/1266 1226/1226/1226 906/906/906
f 545/545/545 1545/1545/1545 273/273/273
f 1720/1720/1720 1326/1326/1326 720/720/720
f 1329/1329/1329 1637/1637/1637 216/216/216
f 1798/1798/1798 1322/1322/1322 1759/1759/1759
f 502/502/502 1102/1102/1102 1415/1415/1415
f 1720/1720/1720 1366/1366/1366 1326/1326/1326
f 1106/1106/1106 511/511/511 1111/1111/1111
f 505/505/505 1313/1313/1313 1111/1111/1111
f 121/121/121 1541/1541/1541 372/372/372
f 1246/1246/1246 1282/1282/1282 724/724/724
f 647/647/647 775/775/775 18/18/18
f 1634/1634/1634 1279/1279/1279 1763/1763/1763
f 538/538/538 1138/1138/1138 554/554/554
f 1246/1246/1246 1363/1363/1363 1282/1282/1282
f 507/507/507 1107/1107/1107 1313/1313/1313
f 501/501/501 1386/1386/1386 902/902/902
f 500/500/500 17/17/17 1497/1497/1497
f 280/280/280 434/434/434 944/944/944
f 1528/1528/1528 775/775/775 526/526/526
f 1768/1768/1768 1235/1235/1235 1767/1767/1767
f 498/498/498 46/46/46 1493/1493/1493
f 1367/1367/1367 1365/1365/1365 765/765/765
f 850/850/850 1133/1133/1133 1045/1045/1045
f 1597/1597/1597 66/66/66 1489/1489/1489
f 143/143/143 193/193/193 791/791/791
f 1635/1635/1635 1195/1195/1195 732/732/732
f 1159/1159/1159 1193/1193/1193 1371/1371/1371
f 1208/1208/1208 645/645/645 173/173/173
f 484/484/484 394/394/394 1465/1465/1465
f 1193/1193/1193 1159/1159/1159 769/769/769
f 264/264/264 677/677/677 193/193/193
f 482/482/482 429/429/429 1461/1461/1461
f 851/851/851 1155/1155/1155 809/809/809
f 1153/1153/1153 1336/1336/1336 1595/1595/1595
f 262/262/262 717/717/717 978/978/978
f 1776/1776/1776 774/774/774 438/438/438
f 480/480/480 451/451/451 1457/1457/1457
f 1153/1153/1153 235/235/235 773/773/773
f 260/260/260 757/757/757 1429/1429/1429
f 478/478/478 474/474/474 1453/1453/1453
f 522/522/522 789/789/789 113/113/113
f 1091/1091/1091 1340/1340/1340 1555/1555/1555
f 810/810/810 443/443/443 266/266/266
f 1780/1780/1780 778/778/778 440/440/440
f 1173/1173/1173 494/494/494 1449/1449/1449
f 1090/1090/1090 779/779/779 777/777/777
f 1791/1791/1791 1787/1787/1787 918/918/918
f 464/464/464 691/691/691 1425/1425/1425
f 1069/1069/1069 790/790/790 793/793/793
f 1054/1054/1054 1344/1344/1344 1515/1515/1515
f 244/244/244 1009/1009/1009 1787/1787/1787
f 1784/1784/1784 782/782/782 442/442/442
f 462/462/462 731/731/731 1421/1421/1421
f 1052/1052/1052 783/783/783 781/781/781
f 242/242/242 1032/1032/1032 1783/1783/1783
f 460/460/460 771/771/771 1417/1417/1417
f 1031/1031/1031 750/750/750 753/753/753
f 1030/1030/1030 1348/1348/1348 1446/1446/1446
f 240/240/240 1070/1070/1070 1779/1779/1779
f 1787/1787/1787 246/246/246 244/244/244
f 458/458/458 811/811/811 1413/1413/1413
f 1029/1029/1029 787/787/787 785/785/785
f 770/770/770 1772/1772/1772 1775/1775/1775
f 463/463/463 847/847/847 1409/1409/1409
f 994/994/994 710/710/710 713/713/713
f 1785/1785/1785 1352/1352/1352 1399/1399/1399
f 1751/1751/1751 1747/1747/1747 1786/1786/1786
f 1792/1792/1792 990/990/990 446/446/446
f 244/244/244 1014/1014/1014 1385/1385/1385
f 686/686/686 974/974/974 1291/1291/1291
f 224/224/224 1473/1473/1473 1747/1747/1747
f 442/442/442 1051/1051/1051 1381/1381/1381
f 1392/1392/1392 938/938/938 673/673/673
f 222/222/222 1517/1517/1517 1743/1743/1743
f 951/951/951 969/969/969 795/795/795
f 250/250/250 954/954/954 448/448/448
f 440/440/440 1089/1089/1089 1377/1377/1377
f 969/969/969 951/951/951 970/970/970
f 220/220/220 1557/1557/1557 1739/1739/1739
f 438/438/438 1122/1122/1122 1373/1373/1373
f 730/730/730 1732/1732/1732 1735/1735/1735
f 1286/1286/1286 934/934/934 760/760/760
f 1131/1131/1131 789/789/789 526/526/526
f 1682/1682/1682 932/932/932 1345/1345/1345
f 1771/1771/1771 1166/1166/1166 1369/1369/1369
f 1286/1286/1286 954/954/954 934/934/934
f 1711/1711/1711 1708/1708/1708 1746/1746/1746
f 725/725/725 1680/1680/1680 1331/1331/1331
f 204/204/204 123/123/123 1707/1707/1707
f 891/891/891 912/912/912 764/764/764
f 1028/1028/1028 1366/1366/1366 1720/1720/1720
f 1433/1433/1433 911/911/911 1431/1431/1431
f 422/422/422 1526/1526/1526 1341/1341/1341
f 891/891/891 1403/1403/1403 912/912/912
f 202/202/202 278/278/278 1703/1703/1703
f 420/420/420 1566/1566/1566 1337/1337/1337
f 200/200/200 1094/1094/1094 1699/1699/1699
f 418/418/418 1606/1606/1606 1333/1333/1333
f 1289/1289/1289 974/974/974 196/196/196
f 752/752/752 881/881/881 841/841/841
f 690/690/690 1692/1692/1692 1695/1695/1695
f 1407/1407/1407 1405/1405/1405 805/805/805
f 1731/1731/1731 1641/1641/1641 1329/1329/1329
f 1671/1671/1671 1668/1668/1668 1706/1706/1706
f 404/404/404 1450/1450/1450 1305/1305/1305
f 1155/1155/1155 851/851/851 772/772/772
f 837/837/837 848/848/848 1411/1411/1411
f 172/172/172 644/644/644 1643/1643/1643
f 184/184/184 175/175/175 1667/1667/1667
f 848/848/848 837/837/837 809/809/809
f 402/402/402 218/218/218 1301/1301/1301
f 182/182/182 316/316/316 1663/1663/1663
f 513/513/513 834/834/834 849/849/849
f 833/833/833 1376/1376/1376 1092/1092/1092
f 400/400/400 830/830/830 1297/1297/1297
f 1788/1788/1788 814/814/814 458/458/458
f 180/180/180 396/396/396 1659/1659/1659
f 833/833/833 255/255/255 813/813/813
f 398/398/398 43/43/43 1293/1293/1293
f 378/378/378 1652/1652/1652 1655/1655/1655
f 1171/1171/1171 792/792/792 566/566/566
f 793/793/793 1380/1380/1380 1069/1069/1069
f 1691/1691/1691 13/13/13 1289/1289/1289
f 1228/1228/1228 818/818/818 460/460/460
f 1638/1638/1638 641/641/641 604/604/604
f 790/790/790 819/819/819 817/817/817
f 384/384/384 234/234/234 1265/1265/1265
f 164/164/164 815/815/815 1627/1627/1627
f 754/754/754 452/452/452 454/454/454
f 753/753/753 1384/1384/1384 1031/1031/1031
f 382/382/382 356/356/356 1261/1261/1261
f 958/958/958 822/822/822 462/462/462
f 162/162/162 869/869/869 1623/1623/1623
f 750/750/750 823/823/823 821/821/821
f 380/380/380 470/470/470 1257/1257/1257
f 160/160/160 925/925/925 1619/1619/1619
f 714/714/714 430/430/430 431/431/431
f 713/713/713 1388/1388/1388 994/994/994
f 378/378/378 531/531/531 1250/1250/1250
f 1413/1413/1413 810/810/810 458/458/458
f 358/358/358 1612/1612/1612 1615/1615/1615
f 710/710/710 827/827/827 825/825/825
f 1651/1651/1651 593/593/593 1249/1249/1249
f 1241/1241/1241 1243/1243/1243 172/172/172
f 674/674/674 407/407/407 409/409/409
f 938/938/938 1392/1392/1392 971/971/971
f 164/164/164 839/839/839 1225/1225/1225
f 631/631/631 651/651/651 466/466/466
f 144/144/144 1516/1516/1516 1587/1587/1587
f 1241/1241/1241 666/666/666 171/171/171
f 362/362/362 883/883/883 1221/1221/1221
f 142/142/142 1596/1596/1596 1583/1583/1583
f 1432/1432/1432 831/831/831 374/374/374
f 360/360/360 965/965/965 1217/1217/1217
f 608/608/608 633/633/633 835/835/835
f 270/270/270 630/630/630 468/468/468
f 140/140/140 1675/1675/1675 1579/1579/1579
f 633/633/633 608/608/608 634/634/634
f 358/358/358 1073/1073/1073 1210/1210/1210
f 338/338/338 1729/1729/1729 1575/1575/1575
f 1611/1611/1611 1154/1154/1154 1209/1209/1209
f 914/914/914 597/597/597 800/800/800
f 1488/1488/1488 525/525/525 113/113/113
f 93/93/93 594/594/594 1665/1665/1665
f 562/562/562 792/792/792 133/133/133
f 914/914/914 630/630/630 597/597/597
f 344/344/344 1191/1191/1191 1182/1182/1182
f 124/124/124 227/227/227 1547/1547/1547
f 342/342/342 1628/1628/1628 1181/1181/1181
f 553/553/553 567/567/567 804/804/804
f 1350/1350/1350 1359/1359/1359 755/755/755
f 1490/1490/1490 561/561/561 1410/1410/1410
f 122/122/122 294/294/294 1543/1543/1543
f 553/553/553 1443/1443/1443 567/567/567
f 340/340/340 1689/1689/1689 1177/1177/1177
f 120/120/120 487/487/487 1539/1539/1539
f 338/338/338 1795/1795/1795 1170/1170/1170
f 318/318/318 590/590/590 1535/1535/1535
f 1474/1474/1474 1685/1685/1685 1291/1291/1291
f 1253/1253/1253 528/528/528 1285/1285/1285
f 1571/1571/1571 1640/1640/1640 1169/1169/1169
f 1447/1447/1447 1445/1445/1445 845/845/845
f 1204/1204/1204 678/678/678 171/171/171
f 324/324/324 1151/1151/1151 1142/1142/1142
f 104/104/104 1295/1295/1295 1507/1507/1507
f 834/834/834 513/513/513 812/812/812
f 491/491/491 510/510/510 1451/1451/1451
f 393/393/393 1685/1685/1685 48/48/48
f 322/322/322 364/364/364 1141/1141/1141
f 510/510/510 491/491/491 849/849/849
f 102/102/102 1346/1346/1346 1503/1503/1503
f 320/320/320 554/554/554 1137/1137/1137
f 75/75/75 490/490/490 889/889/889
f 489/489/489 1416/1416/1416 794/794/794
f 300/300/300 6/6/6 1455/1455/1455
f 1025/1025/1025 854/854/854 478/478/478
f 318/318/318 639/639/639 1130/1130/1130
f 489/489/489 275/275/275 853/853/853
f 890/890/890 1572/1572/1572 1495/1495/1495
f 1531/1531/1531 679/679/679 1129/1129/1129
f 1568/1568/1568 799/799/799 566/566/566
f 454/454/454 1420/1420/1420 754/754/754
f 3/3/3 711/711/711 903/903/903
f 924/924/924 858/858/858 480/480/480
f 304/304/304 1111/1111/1111 1105/1105/1105
f 452/452/452 859/859/859 857/857/857
f 284/284/284 389/389/389 751/751/751
f 302/302/302 1415/1415/1415 1101/1101/1101
f 432/432/432 25/25/25 26/26/26
f 431/431/431 1424/1424/1424 714/714/714
f 282/282/282 411/411/411 885/885/885
f 871/871/871 862/862/862 482/482/482
f 5/5/5 900/900/900 10/10/10
f 430/430/430 863/863/863 861/861/861
f 1499/1499/1499 899/899/899 297/297/297
f 1498/1498/1498 898/898/898 282/282/282
f 410/410/410 1426/1426/1426 1438/1438/1438
f 409/409/409 1428/1428/1428 674/674/674
f 26/26/26 897/897/897 299/299/299
f 711/711/711 286/286/286 484/484/484
f 1496/1496/1496 9/9/9 616/616/616
f 407/407/407 867/867/867 865/865/865
f 1015/1015/1015 1234/1234/1234 692/692/692
f 1494/1494/1494 894/894/894 300/300/300
f 387/387/387 1315/1315/1315 1318/1318/1318
f 831/831/831 1432/1432/1432 637/637/637
f 55/55/55 893/893/893 297/297/297
f 298/298/298 371/371/371 486/486/486
f 77/77/77 1490/1490/1490 1444/1444/1444
f 170/170/170 640/640/640 1639/1639/1639
f 354/354/354 305/305/305 3/3/3
f 1471/1471/1471 374/374/374 283/283/283
f 1472/1472/1472 1505/1505/1505 1266/1266/1266
f 387/387/387 868/868/868 2/2/2
f 347/347/347 351/351/351 875/875/875
f 290/290/290 350/350/350 488/488/488
f 1467/1467/1467 867/867/867 281/281/281
f 351/351/351 347/347/347 352/352/352
f 150/150/150 1196/1196/1196 600/600/600
f 409/409/409 865/865/865 283/283/283
f 410/410/410 864/864/864 1/1/1
f 568/568/568 331/331/331 840/840/840
f 670/670/670 799/799/799 28/28/28
f 1518/1518/1518 330/330/330 83/83/83
f 1463/1463/1463 863/863/863 299/299/299
f 568/568/568 350/350/350 331/331/331
f 1462/1462/1462 862/862/862 284/284/284
f 431/431/431 861/861/861 281/281/281
f 432/432/432 860/860/860 100/100/100
f 97/97/97 311/311/311 844/844/844
f 112/112/112 524/524/524 1523/1523/1523
f 1522/1522/1522 310/310/310 444/444/444
f 1459/1459/1459 859/859/859 277/277/277
f 97/97/97 1483/1483/1483 311/311/311
f 1458/1458/1458 858/858/858 262/262/262
f 454/454/454 857/857/857 279/279/279
f 1028/1028/1028 1359/1359/1359 228/228/228
f 1121/1121/1121 1123/1123/1123 112/112/112
f 1237/1237/1237 749/749/749 170/170/170
f 1709/1709/1709 87/87/87 1721/1721/1721
f 1454/1454/1454 854/854/854 280/280/280
f 1040/1040/1040 239/239/239 777/777/777
f 489/489/489 853/853/853 277/277/277
f 1461/1461/1461 282/282/282 482/482/482
f 637/637/637 485/485/485 791/791/791
f 490/490/490 75/75/75 852/852/852
f 57/57/57 67/67/67 1491/1491/1491
f 686/686/686 1234/1234/1234 196/196/196
f 1064/1064/1064 673/673/673 263/263/263
f 67/67/67 57/57/57 889/889/889
f 674/674/674 828/828/828 92/92/92
f 1427/1427/1427 827/827/827 261/261/261
f 688/688/688 56/56/56 529/529/529
f 55/55/55 1456/1456/1456 467/467/467
f 1678/1678/1678 644/644/644 172/172/172
f 1485/1485/1485 894/894/894 498/498/498
f 713/713/713 825/825/825 263/263/263
f 55/55/55 295/295/295 893/893/893
f 714/714/714 824/824/824 91/91/91
f 1423/1423/1423 823/823/823 279/279/279
f 1237/1237/1237 706/706/706 169/169/169
f 26/26/26 1460/1460/1460 432/432/432
f 1422/1422/1422 822/822/822 264/264/264
f 1439/1439/1439 898/898/898 500/500/500
f 753/753/753 821/821/821 261/261/261
f 25/25/25 899/899/899 897/897/897
f 754/754/754 820/820/820 90/90/90
f 1419/1419/1419 819/819/819 257/257/257
f 5/5/5 571/571/571 589/589/589
f 1418/1418/1418 818/818/818 242/242/242
f 901/901/901 885/885/885 411/411/411
f 902/902/902 1101/1101/1101 1415/1415/1415
f 793/793/793 817/817/817 259/259/259
f 726/726/726 1637/1637/1637 1331/1331/1331
f 903/903/903 751/751/751 389/389/389
f 1090/1090/1090 1555/1555/1555 1071/1071/1071
f 1243/1243/1243 706/706/706 172/172/172
f 711/711/711 3/3/3 370/370/370
f 711/711/711 370/370/370 286/286/286
f 1247/1247/1247 906/906/906 306/306/306
f 1266/1266/1266 906/906/906 105/105/105
f 488/488/488 907/907/907 1514/1514/1514
f 332/332/332 907/907/907 288/288/288
f 1162/1162/1162 908/908/908 308/308/308
f 1167/1167/1167 908/908/908 312/312/312
f 1414/1414/1414 814/814/814 260/260/260
f 1196/1196/1196 1278/1278/1278 600/600/600
f 991/991/991 1117/1117/1117 1519/1519/1519
f 1033/1033/1033 1117/1117/1117 109/109/109
f 833/833/833 813/813/813 257/257/257
f 884/884/884 292/292/292 1518/1518/1518
f 872/872/872 1121/1121/1121 1523/1523/1523
f 909/909/909 1121/1121/1121 111/111/111
f 1721/1721/1721 913/913/913 313/313/313
f 1522/1522/1522 913/913/913 1721/1721/1721
f 789/789/789 522/522/522 1527/1527/1527
f 525/525/525 522/522/522 113/113/113
f 390/390/390 92/92/92 481/481/481
f 86/86/86 915/915/915 296/296/296
f 916/916/916 1129/1129/1129 679/679/679
f 688/688/688 916/916/916 535/535/535
f 971/971/971 465/465/465 918/918/918
f 917/917/917 1495/1495/1495 1572/1572/1572
f 1139/1139/1139 1130/1130/1130 639/639/639
f 1391/1391/1391 992/992/992 243/243/243
f 994/994/994 788/788/788 82/82/82
f 919/919/919 1455/1455/1455 6/6/6
f 920/920/920 1137/1137/1137 554/554/554
f 1387/1387/1387 787/787/787 241/241/241
f 1234/1234/1234 763/763/763 692/692/692
f 921/921/921 1503/1503/1503 1346/1346/1346
f 922/922/922 1141/1141/1141 364/364/364
f 1030/1030/1030 785/785/785 243/243/243
f 1031/1031/1031 784/784/784 81/81/81
f 923/923/923 1507/1507/1507 1295/1295/1295
f 1089/1089/1089 1343/1343/1343 1040/1040/1040
f 1383/1383/1383 783/783/783 259/259/259
f 512/512/512 1511/1511/1511 1314/1314/1314
f 506/506/506 1314/1314/1314 1511/1511/1511
f 167/167/167 926/926/926 326/326/326
f 207/207/207 926/926/926 125/125/125
f 308/308/308 927/927/927 110/110/110
f 1125/1125/1125 927/927/927 108/108/108
f 114/114/114 928/928/928 328/328/328
f 134/134/134 928/928/928 929/929/929
f 1382/1382/1382 782/782/782 244/244/244
f 1200/1200/1200 718/718/718 169/169/169
f 49/49/49 1157/1157/1157 1559/1559/1559
f 65/65/65 1157/1157/1157 129/129/129
f 1054/1054/1054 781/781/781 241/241/241
f 1644/1644/1644 763/763/763 58/58/58
f 154/154/154 1161/1161/1161 1563/1563/1563
f 107/107/107 1161/1161/1161 131/131/131
f 1527/1527/1527 933/933/933 333/333/333
f 1562/1562/1562 933/933/933 1527/1527/1527
f 792/792/792 562/562/562 1567/1567/1567
f 565/565/565 562/562/562 133/133/133
f 1069/1069/1069 780/780/780 80/80/80
f 775/775/775 935/935/935 116/116/116
f 936/936/936 1169/1169/1169 1640/1640/1640
f 1132/1132/1132 936/936/936 575/575/575
f 1379/1379/1379 779/779/779 237/237/237
f 937/937/937 1535/1535/1535 590/590/590
f 1179/1179/1179 1170/1170/1170 1795/1795/1795
f 1378/1378/1378 778/778/778 222/222/222
f 1091/1091/1091 777/777/777 239/239/239
f 939/939/939 1539/1539/1539 487/487/487
f 940/940/940 1177/1177/1177 1689/1689/1689
f 1164/1164/1164 151/151/151 953/953/953
f 85/85/85 636/636/636 44/44/44
f 941/941/941 1543/1543/1543 294/294/294
f 942/942/942 1181/1181/1181 1628/1628/1628
f 1374/1374/1374 774/774/774 240/240/240
f 1153/1153/1153 773/773/773 237/237/237
f 943/943/943 1547/1547/1547 227/227/227
f 905/905/905 390/390/390 1424/1424/1424
f 924/924/924 1466/1466/1466 450/450/450
f 552/552/552 1551/1551/1551 253/253/253
f 546/546/546 253/253/253 1551/1551/1551
f 1478/1478/1478 946/946/946 346/346/346
f 1492/1492/1492 946/946/946 145/145/145
f 328/328/328 947/947/947 130/130/130
f 79/79/79 947/947/947 128/128/128
f 1398/1398/1398 948/948/948 348/348/348
f 1408/1408/1408 948/948/948 47/47/47
f 1399/1399/1399 445/445/445 1786/1786/1786
f 998/998/998 197/197/197 693/693/693
f 1319/1319/1319 1197/1197/1197 1599/1599/1599
f 1354/1354/1354 1197/1197/1197 149/149/149
f 1351/1351/1351 1442/1442/1442 223/223/223
f 1230/1230/1230 723/723/723 168/168/168
f 1242/1242/1242 1201/1201/1201 1603/1603/1603
f 1274/1274/1274 1201/1201/1201 151/151/151
f 1567/1567/1567 953/953/953 353/353/353
f 1602/1602/1602 953/953/953 1567/1567/1567
f 1206/1206/1206 602/602/602 1607/1607/1607
f 605/605/605 602/602/602 153/153/153
f 1446/1446/1446 748/748/748 72/72/72
f 799/799/799 955/955/955 136/136/136
f 956/956/956 1209/1209/1209 1154/1154/1154
f 1172/1172/1172 956/956/956 615/615/615
f 1347/1347/1347 747/747/747 221/221/221
f 957/957/957 1575/1575/1575 1729/1729/1729
f 1219/1219/1219 1210/1210/1210 1073/1073/1073
f 987/987/987 723/723/723 636/636/636
f 1513/1513/1513 745/745/745 223/223/223
f 959/959/959 1579/1579/1579 1675/1675/1675
f 960/960/960 1217/1217/1217 965/965/965
f 1515/1515/1515 744/744/744 71/71/71
f 1343/1343/1343 743/743/743 239/239/239
f 961/961/961 1583/1583/1583 1596/1596/1596
f 962/962/962 1221/1221/1221 883/883/883
f 1342/1342/1342 742/742/742 224/224/224
f 1553/1553/1553 741/741/741 221/221/221
f 963/963/963 1587/1587/1587 1516/1516/1516
f 964/964/964 1225/1225/1225 839/839/839
f 1555/1555/1555 740/740/740 70/70/70
f 592/592/592 1591/1591/1591 1548/1548/1548
f 586/586/586 1548/1548/1548 1591/1591/1591
f 798/798/798 966/966/966 366/366/366
f 801/801/801 966/966/966 165/165/165
f 348/348/348 967/967/967 150/150/150
f 1362/1362/1362 967/967/967 148/148/148
f 749/749/749 968/968/968 368/368/368
f 759/759/759 968/968/968 1278/1278/1278
f 1339/1339/1339 739/739/739 217/217/217
f 1630/1630/1630 735/735/735 34/34/34
f 706/706/706 1237/1237/1237 1639/1639/1639
f 718/718/718 1237/1237/1237 169/169/169
f 1338/1338/1338 738/738/738 202/202/202
f 758/758/758 735/735/735 635/635/635
f 666/666/666 1241/1241/1241 1643/1643/1643
f 678/678/678 1241/1241/1241 171/171/171
f 1607/1607/1607 973/973/973 373/373/373
f 1642/1642/1642 973/973/973 1607/1607/1607
f 629/629/629 1245/1245/1245 1647/1647/1647
f 645/645/645 1245/1245/1245 173/173/173
f 1593/1593/1593 737/737/737 219/219/219
f 1198/1198/1198 975/975/975 156/156/156
f 976/976/976 1249/1249/1249 593/593/593
f 599/599/599 976/976/976 655/655/655
f 1121/1121/1121 872/872/872 111/111/111
f 977/977/977 1615/1615/1615 1612/1612/1612
f 1259/1259/1259 1250/1250/1250 531/531/531
f 968/968/968 746/746/746 168/168/168
f 1334/1334/1334 734/734/734 220/220/220
f 979/979/979 1619/1619/1619 925/925/925
f 980/980/980 1257/1257/1257 470/470/470
f 1067/1067/1067 949/949/949 796/796/796
f 1074/1074/1074 1517/1517/1517 1780/1780/1780
f 981/981/981 1623/1623/1623 869/869/869
f 982/982/982 1261/1261/1261 356/356/356
f 1793/1793/1793 425/425/425 1746/1746/1746
f 1072/1072/1072 1374/1374/1374 1377/1377/1377
f 983/983/983 1627/1627/1627 815/815/815
f 984/984/984 1265/1265/1265 234/234/234
f 178/178/178 708/708/708 62/62/62
f 1631/1631/1631 838/838/838 385/385/385
f 1627/1627/1627 1631/1631/1631 626/626/626
f 135/135/135 986/986/986 386/386/386
f 155/155/155 986/986/986 185/185/185
f 368/368/368 987/987/987 1674/1674/1674
f 723/723/723 987/987/987 168/168/168
f 76/76/76 988/988/988 388/388/388
f 95/95/95 988/988/988 187/187/187
f 1307/1307/1307 707/707/707 201/201/201
f 1230/1230/1230 746/746/746 635/635/635
f 559/559/559 1277/1277/1277 1679/1679/1679
f 558/558/558 1277/1277/1277 189/189/189
f 968/968/968 749/749/749 1278/1278/1278
f 525/525/525 872/872/872 522/522/522
f 709/709/709 1281/1281/1281 1683/1683/1683
f 683/683/683 1281/1281/1281 191/191/191
f 1647/1647/1647 993/993/993 393/393/393
f 1457/1457/1457 280/280/280 480/480/480
f 1071/1071/1071 1773/1773/1773 1090/1090/1090
f 1421/1421/1421 262/262/262 462/462/462
f 1290/1290/1290 705/705/705 203/203/203
f 611/611/611 995/995/995 176/176/176
f 996/996/996 1289/1289/1289 13/13/13
f 1358/1358/1358 996/996/996 195/195/195
f 648/648/648 704/704/704 61/61/61
f 997/997/997 1655/1655/1655 1652/1652/1652
f 998/998/998 1293/1293/1293 43/43/43
f 1303/1303/1303 703/703/703 219/219/219
f 1302/1302/1302 702/702/702 204/204/204
f 999/999/999 1659/1659/1659 396/396/396
f 1000/1000/1000 1297/1297/1297 830/830/830
f 1724/1724/1724 701/701/701 201/201/201
f 1239/1239/1239 700/700/700 60/60/60
f 1001/1001/1001 1663/1663/1663 316/316/316
f 1002/1002/1002 1301/1301/1301 218/218/218
f 1299/1299/1299 699/699/699 197/197/197
f 1298/1298/1298 698/698/698 182/182/182
f 1003/1003/1003 1667/1667/1667 175/175/175
f 1004/1004/1004 1305/1305/1305 1450/1450/1450
f 712/712/712 697/697/697 199/199/199
f 1671/1671/1671 1706/1706/1706 405/405/405
f 1668/1668/1668 1671/1671/1671 186/186/186
f 1714/1714/1714 1006/1006/1006 406/406/406
f 1554/1554/1554 1006/1006/1006 205/205/205
f 388/388/388 1007/1007/1007 190/190/190
f 126/126/126 1007/1007/1007 188/188/188
f 1764/1764/1764 1008/1008/1008 408/408/408
f 1789/1789/1789 1008/1008/1008 669/669/669
f 1393/1393/1393 1355/1355/1355 755/755/755
f 735/735/735 758/758/758 34/34/34
f 1749/1749/1749 1317/1317/1317 1719/1719/1719
f 1753/1753/1753 1317/1317/1317 209/209/209
f 596/596/596 758/758/758 759/759/759
f 1196/1196/1196 759/759/759 1278/1278/1278
f 1715/1715/1715 1321/1321/1321 1723/1723/1723
f 1717/1717/1717 1321/1321/1321 211/211/211
f 43/43/43 1299/1299/1299 998/998/998
f 719/719/719 413/413/413 1687/1687/1687
f 1680/1680/1680 1325/1325/1325 1727/1727/1727
f 1680/1680/1680 725/725/725 1325/1325/1325
f 1294/1294/1294 694/694/694 200/200/200
f 1234/1234/1234 1015/1015/1015 196/196/196
f 1016/1016/1016 1329/1329/1329 1641/1641/1641
f 1646/1646/1646 1016/1016/1016 215/215/215
f 695/695/695 693/693/693 197/197/197
f 1017/1017/1017 1695/1695/1695 1692/1692/1692
f 1018/1018/1018 1333/1333/1333 1606/1606/1606
f 721/721/721 81/81/81 479/479/479
f 1272/1272/1272 53/53/53 96/96/96
f 1019/1019/1019 1699/1699/1699 1094/1094/1094
f 1020/1020/1020 1337/1337/1337 1566/1566/1566
f 1271/1271/1271 671/671/671 183/183/183
f 166/166/166 668/668/668 52/52/52
f 1021/1021/1021 1703/1703/1703 278/278/278
f 1022/1022/1022 1341/1341/1341 1526/1526/1526
f 1267/1267/1267 667/667/667 181/181/181
f 59/59/59 1094/1094/1094 1696/1696/1696
f 1023/1023/1023 1707/1707/1707 123/123/123
f 1364/1364/1364 912/912/912 251/251/251
f 274/274/274 665/665/665 183/183/183
f 1711/1711/1711 1746/1746/1746 425/425/425
f 1708/1708/1708 1711/1711/1711 206/206/206
f 1435/1435/1435 1026/1026/1026 426/426/426
f 1442/1442/1442 1026/1026/1026 225/225/225
f 408/408/408 1027/1027/1027 1754/1754/1754
f 1755/1755/1755 1027/1027/1027 208/208/208
f 1366/1366/1366 1028/1028/1028 428/428/428
f 1395/1395/1395 1028/1028/1028 1720/1720/1720
f 309/309/309 664/664/664 51/51/51
f 1393/1393/1393 35/35/35 1355/1355/1355
f 1322/1322/1322 1357/1357/1357 1759/1759/1759
f 1326/1326/1326 1357/1357/1357 229/229/229
f 1263/1263/1263 663/663/663 199/199/199
f 1070/1070/1070 1119/1119/1119 1059/1059/1059
f 1279/1279/1279 1361/1361/1361 1763/1763/1763
f 1282/1282/1282 1361/1361/1361 231/231/231
f 1484/1484/1484 909/909/909 111/111/111
f 1713/1713/1713 433/433/433 1727/1727/1727
f 1235/1235/1235 1365/1365/1365 1767/1767/1767
f 1235/1235/1235 765/765/765 1365/1365/1365
f 1262/1262/1262 662/662/662 184/184/184
f 1677/1677/1677 1035/1035/1035 216/216/216
f 1036/1036/1036 1369/1369/1369 1166/1166/1166
f 1195/1195/1195 1036/1036/1036 235/235/235
f 376/376/376 661/661/661 181/181/181
f 1037/1037/1037 1735/1735/1735 1732/1732/1732
f 1038/1038/1038 1373/1373/1373 1122/1122/1122
f 392/392/392 660/660/660 50/50/50
f 1259/1259/1259 659/659/659 177/177/177
f 1039/1039/1039 1739/1739/1739 1557/1557/1557
f 1040/1040/1040 1377/1377/1377 1089/1089/1089
f 1258/1258/1258 658/658/658 162/162/162
f 496/496/496 657/657/657 179/179/179
f 1041/1041/1041 1743/1743/1743 1517/1517/1517
f 1042/1042/1042 1381/1381/1381 1051/1051/1051
f 1047/1047/1047 1353/1353/1353 756/756/756
f 1350/1350/1350 1353/1353/1353 228/228/228
f 1043/1043/1043 1747/1747/1747 1473/1473/1473
f 1044/1044/1044 1385/1385/1385 1014/1014/1014
f 1254/1254/1254 654/654/654 180/180/180
f 1751/1751/1751 1786/1786/1786 445/445/445
f 1747/1747/1747 1751/1751/1751 226/226/226
f 990/990/990 1046/1046/1046 446/446/446
f 992/992/992 1046/1046/1046 245/245/245
f 428/428/428 1047/1047/1047 1794/1794/1794
f 1353/1353/1353 1047/1047/1047 228/228/228
f 954/954/954 1048/1048/1048 448/448/448
f 970/970/970 1048/1048/1048 1286/1286/1286
f 549/549/549 653/653/653 177/177/177
f 562/562/562 1602/1602/1602 1567/1567/1567
f 932/932/932 1397/1397/1397 1345/1345/1345
f 934/934/934 1397/1397/1397 249/249/249
f 1250/1250/1250 650/650/650 378/378/378
f 636/636/636 723/723/723 44/44/44
f 911/911/911 1401/1401/1401 1431/1431/1431
f 912/912/912 1401/1401/1401 251/251/251
f 1632/1632/1632 723/723/723 1230/1230/1230
f 1275/1275/1275 453/453/453 1767/1767/1767
f 881/881/881 1405/1405/1405 841/841/841
f 881/881/881 805/805/805 1405/1405/1405
f 110/110/110 520/520/520 1519/1519/1519
f 1233/1233/1233 1055/1055/1055 236/236/236
f 1056/1056/1056 1409/1409/1409 847/847/847
f 851/851/851 1056/1056/1056 255/255/255
f 1005/1005/1005 721/721/721 1420/1420/1420
f 1057/1057/1057 1775/1775/1775 1772/1772/1772
f 1058/1058/1058 1413/1413/1413 811/811/811
f 803/803/803 628/628/628 42/42/42
f 1227/1227/1227 627/627/627 161/161/161
f 1059/1059/1059 1779/1779/1779 1070/1070/1070
f 1060/1060/1060 1417/1417/1417 771/771/771
f 966/966/966 798/798/798 165/165/165
f 855/855/855 625/625/625 163/163/163
f 1061/1061/1061 1783/1783/1783 1032/1032/1032
f 1062/1062/1062 1421/1421/1421 731/731/731
f 866/866/866 624/624/624 41/41/41
f 1223/1223/1223 623/623/623 179/179/179
f 1063/1063/1063 1787/1787/1787 1009/1009/1009
f 1064/1064/1064 1425/1425/1425 691/691/691
f 1222/1222/1222 622/622/622 164/164/164
f 1791/1791/1791 918/918/918 465/465/465
f 1787/1787/1787 1791/1791/1791 246/246/246
f 651/651/651 1066/1066/1066 466/466/466
f 673/673/673 1066/1066/1066 265/265/265
f 448/448/448 1067/1067/1067 118/118/118
f 949/949/949 1067/1067/1067 248/248/248
f 630/630/630 1068/1068/1068 468/468/468
f 634/634/634 1068/1068/1068 914/914/914
f 888/888/888 621/621/621 161/161/161
f 635/635/635 798/798/798 1230/1230/1230
f 594/594/594 1437/1437/1437 1665/1665/1665
f 597/597/597 1437/1437/1437 269/269/269
f 895/895/895 620/620/620 40/40/40
f 1514/1514/1514 1476/1476/1476 880/880/880
f 561/561/561 1441/1441/1441 1410/1410/1410
f 567/567/567 1441/1441/1441 271/271/271
f 1117/1117/1117 1162/1162/1162 110/110/110
f 910/910/910 473/473/473 841/841/841
f 528/528/528 1445/1445/1445 1285/1285/1285
f 528/528/528 845/845/845 1445/1445/1445
f 1219/1219/1219 619/619/619 157/157/157
f 877/877/877 1075/1075/1075 256/256/256
f 1076/1076/1076 1449/1449/1449 494/494/494
f 513/513/513 1076/1076/1076 275/275/275
f 1218/1218/1218 618/618/618 142/142/142
f 1077/1077/1077 266/266/266 443/443/443
f 1078/1078/1078 1453/1453/1453 474/474/474
f 985/985/985 617/617/617 159/159/159
f 1216/1216/1216 39/39/39 519/519/519
f 1079/1079/1079 1429/1429/1429 757/757/757
f 1080/1080/1080 1457/1457/1457 451/451/451
f 1192/1192/1192 801/801/801 165/165/165
f 1214/1214/1214 614/614/614 160/160/160
f 1081/1081/1081 978/978/978 717/717/717
f 1082/1082/1082 1461/1461/1461 429/429/429
f 1093/1093/1093 613/613/613 157/157/157
f 1210/1210/1210 610/610/610 358/358/358
f 1083/1083/1083 193/193/193 677/677/677
f 1084/1084/1084 1465/1465/1465 394/394/394
f 936/936/936 1132/1132/1132 569/569/569
f 143/143/143 791/791/791 485/485/485
f 193/193/193 143/143/143 464/464/464
f 371/371/371 1086/1086/1086 486/486/486
f 374/374/374 1086/1086/1086 285/285/285
f 468/468/468 1087/1087/1087 258/258/258
f 601/601/601 1087/1087/1087 268/268/268
f 350/350/350 1088/1088/1088 488/488/488
f 352/352/352 1088/1088/1088 568/568/568
f 1191/1191/1191 591/591/591 585/585/585
f 1025/1025/1025 1532/1532/1532 472/472/472
f 330/330/330 1477/1477/1477 83/83/83
f 331/331/331 1477/1477/1477 289/289/289
f 1508/1508/1508 588/588/588 32/32/32
f 1000/1000/1000 199/199/199 697/697/697
f 310/310/310 1481/1481/1481 444/444/444
f 311/311/311 1481/1481/1481 291/291/291
f 879/879/879 42/42/42 628/628/628
f 557/557/557 493/493/493 1285/1285/1285
f 87/87/87 882/882/882 1721/1721/1721
f 1487/1487/1487 882/882/882 293/293/293
f 1187/1187/1187 587/587/587 141/141/141
f 527/527/527 1095/1095/1095 276/276/276
f 1096/1096/1096 1489/1489/1489 66/66/66
f 75/75/75 1096/1096/1096 295/295/295
f 797/797/797 392/392/392 1012/1012/1012
f 1097/1097/1097 1045/1045/1045 1133/1133/1133
f 1098/1098/1098 1493/1493/1493 46/46/46
f 950/950/950 969/969/969 74/74/74
f 1588/1588/1588 584/584/584 31/31/31
f 1099/1099/1099 944/944/944 434/434/434
f 1100/1100/1100 1497/1497/1497 17/17/17
f 1183/1183/1183 583/583/583 159/159/159
f 1101/1101/1101 902/902/902 1386/1386/1386
f 1182/1182/1182 582/582/582 144/144/144
f 1295/1295/1295 104/104/104 502/502/502
f 1649/1649/1649 581/581/581 141/141/141
f 1537/1537/1537 119/119/119 503/503/503
f 1666/1666/1666 580/580/580 30/30/30
f 1179/1179/1179 579/579/579 137/137/137
f 1104/1104/1104 372/372/372 1541/1541/1541
f 1105/1105/1105 1111/1111/1111 1313/1313/1313
f 1178/1178/1178 578/578/578 122/122/122
f 815/815/815 879/879/879 983/983/983
f 1726/1726/1726 577/577/577 139/139/139
f 1501/1501/1501 101/101/101 507/507/507
f 969/969/969 756/756/756 74/74/74
f 830/830/830 1263/1263/1263 1000/1000/1000
f 1108/1108/1108 273/273/273 1545/1545/1545
f 1109/1109/1109 906/906/906 1226/1226/1226
f 1511/1511/1511 1109/1109/1109 506/506/506
f 1174/1174/1174 574/574/574 140/140/140
f 1127/1127/1127 1110/1110/1110 108/108/108
f 1505/1505/1505 103/103/103 511/511/511
f 1796/1796/1796 573/573/573 137/137/137
f 1170/1170/1170 570/570/570 338/338/338
f 89/89/89 1112/1112/1112 125/125/125
f 1127/1127/1127 908/908/908 1167/1167/1167
f 308/308/308 908/908/908 108/108/108
f 1558/1558/1558 524/524/524 112/112/112
f 826/826/826 1621/1621/1621 843/843/843
f 1151/1151/1151 551/551/551 545/545/545
f 1247/1247/1247 515/515/515 105/105/105
f 134/134/134 1116/1116/1116 516/516/516
f 1117/1117/1117 991/991/991 109/109/109
f 1162/1162/1162 1117/1117/1117 1033/1033/1033
f 1519/1519/1519 1117/1117/1117 110/110/110
f 829/829/829 1222/1222/1222 1225/1225/1225
f 1123/1123/1123 991/991/991 112/112/112
f 213/213/213 548/548/548 22/22/22
f 896/896/896 316/316/316 1700/1700/1700
f 65/65/65 1120/1120/1120 520/520/520
f 642/642/642 1120/1120/1120 129/129/129
f 1123/1123/1123 1121/1121/1121 909/909/909
f 1523/1523/1523 1121/1121/1121 112/112/112
f 1147/1147/1147 547/547/547 121/121/121
f 1476/1476/1476 312/312/312 880/880/880
f 930/930/930 1294/1294/1294 1297/1297/1297
f 991/991/991 1123/1123/1123 109/109/109
f 107/107/107 1124/1124/1124 524/524/524
f 847/847/847 463/463/463 810/810/810
f 839/839/839 786/786/786 964/964/964
f 1320/1320/1320 1326/1326/1326 229/229/229
f 1012/1012/1012 1693/1693/1693 797/797/797
f 672/672/672 526/526/526 116/116/116
f 681/681/681 82/82/82 461/461/461
f 872/872/872 525/525/525 111/111/111
f 565/565/565 1128/1128/1128 131/131/131
f 1565/1565/1565 1128/1128/1128 133/133/133
f 672/672/672 1129/1129/1129 529/529/529
f 1531/1531/1531 1129/1129/1129 116/116/116
f 590/590/590 318/318/318 530/530/530
f 287/287/287 544/544/544 21/21/21
f 1143/1143/1143 543/543/543 139/139/139
f 789/789/789 1131/1131/1131 113/113/113
f 335/335/335 1132/1132/1132 1756/1756/1756
f 575/575/575 1756/1756/1756 1132/1132/1132
f 1119/1119/1119 80/80/80 780/780/780
f 1142/1142/1142 542/542/542 124/124/124
f 487/487/487 120/120/120 534/534/534
f 372/372/372 541/541/541 121/121/121
f 843/843/843 1508/1508/1508 826/826/826
f 469/469/469 540/540/540 20/20/20
f 1139/1139/1139 539/539/539 117/117/117
f 1136/1136/1136 1796/1796/1796 1573/1573/1573
f 1137/1137/1137 920/920/920 518/518/518
f 1138/1138/1138 538/538/538 102/102/102
f 1346/1346/1346 102/102/102 538/538/538
f 589/589/589 537/537/537 119/119/119
f 1533/1533/1533 117/117/117 539/539/539
f 1480/1480/1480 1033/1033/1033 109/109/109
f 1094/1094/1094 59/59/59 1019/1019/1019
f 1140/1140/1140 1726/1726/1726 1577/1577/1577
f 1141/1141/1141 922/922/922 314/314/314
f 1134/1134/1134 534/534/534 120/120/120
f 227/227/227 124/124/124 542/542/542
f 643/643/643 533/533/533 117/117/117
f 1577/1577/1577 139/139/139 543/543/543
f 1130/1130/1130 530/530/530 318/318/318
f 1316/1316/1316 1720/1720/1720 720/720/720
f 1144/1144/1144 1649/1649/1649 1581/1581/1581
f 1142/1142/1142 1151/1151/1151 247/247/247
f 1111/1111/1111 511/511/511 103/103/103
f 59/59/59 60/60/60 700/700/700
f 1273/1273/1273 508/508/508 12/12/12
f 1541/1541/1541 121/121/121 547/547/547
f 1107/1107/1107 507/507/507 101/101/101
f 964/964/964 163/163/163 625/625/625
f 1148/1148/1148 1586/1586/1586 1585/1585/1585
f 1149/1149/1149 926/926/926 147/147/147
f 1551/1551/1551 1149/1149/1149 546/546/546
f 1318/1318/1318 505/505/505 103/103/103
f 99/99/99 1150/1150/1150 128/128/128
f 1545/1545/1545 545/545/545 551/551/551
f 1335/1335/1335 504/504/504 11/11/11
f 1103/1103/1103 503/503/503 119/119/119
f 1368/1368/1368 1152/1152/1152 145/145/145
f 99/99/99 928/928/928 134/134/134
f 328/328/328 928/928/928 128/128/128
f 1102/1102/1102 502/502/502 104/104/104
f 1002/1002/1002 201/201/201 701/701/701
f 1438/1438/1438 501/501/501 101/101/101
f 167/167/167 555/555/555 125/125/125
f 1408/1408/1408 1156/1156/1156 556/556/556
f 127/127/127 516/516/516 14/14/14
f 114/114/114 1157/1157/1157 65/65/65
f 1559/1559/1559 1157/1157/1157 130/130/130
f 456/456/456 41/41/41 624/624/624
f 1363/1363/1363 1322/1322/1322 232/232/232
f 1455/1455/1455 500/500/500 300/300/300
f 1797/1797/1797 309/309/309 238/238/238
f 1354/1354/1354 1160/1160/1160 560/560/560
f 1238/1238/1238 1160/1160/1160 149/149/149
f 1163/1163/1163 1161/1161/1161 107/107/107
f 1563/1563/1563 1161/1161/1161 132/132/132
f 1466/1466/1466 499/499/499 91/91/91
f 1110/1110/1110 1125/1125/1125 108/108/108
f 869/869/869 456/456/456 981/981/981
f 49/49/49 1163/1163/1163 129/129/129
f 1274/1274/1274 1164/1164/1164 564/564/564
f 250/250/250 800/800/800 1345/1345/1345
f 218/218/218 1307/1307/1307 1002/1002/1002
f 927/927/927 1125/1125/1125 516/516/516
f 1495/1495/1495 498/498/498 890/890/890
f 1231/1231/1231 566/566/566 136/136/136
f 1532/1532/1532 497/497/497 100/100/100
f 154/154/154 565/565/565 131/131/131
f 605/605/605 1168/1168/1168 151/151/151
f 1605/1605/1605 1168/1168/1168 153/153/153
f 1231/1231/1231 1169/1169/1169 569/569/569
f 1571/1571/1571 1169/1169/1169 136/136/136
f 1729/1729/1729 338/338/338 570/570/570
f 1629/1629/1629 495/495/495 856/856/856
f 751/751/751 484/484/484 284/284/284
f 792/792/792 1171/1171/1171 133/133/133
f 355/355/355 1172/1172/1172 1013/1013/1013
f 615/615/615 1013/1013/1013 1172/1172/1172
f 1042/1042/1042 241/241/241 781/781/781
f 1453/1453/1453 850/850/850 478/478/478
f 1675/1675/1675 140/140/140 574/574/574
f 885/885/885 482/482/482 282/282/282
f 874/874/874 1657/1657/1657 887/887/887
f 904/904/904 481/481/481 92/92/92
f 944/944/944 480/480/480 280/280/280
f 1176/1176/1176 1093/1093/1093 1613/1613/1613
f 1177/1177/1177 940/940/940 1681/1681/1681
f 989/989/989 479/479/479 81/81/81
f 294/294/294 122/122/122 578/578/578
f 1045/1045/1045 478/478/478 850/850/850
f 1573/1573/1573 137/137/137 579/579/579
f 1065/1065/1065 477/477/477 90/90/90
f 1213/1213/1213 475/475/475 816/816/816
f 1180/1180/1180 985/985/985 1617/1617/1617
f 1181/1181/1181 942/942/942 1609/1609/1609
f 193/193/193 464/464/464 264/264/264
f 1516/1516/1516 144/144/144 582/582/582
f 1052/1052/1052 1515/1515/1515 1034/1034/1034
f 1617/1617/1617 159/159/159 583/583/583
f 978/978/978 462/462/462 262/262/262
f 1145/1145/1145 461/461/461 82/82/82
f 1184/1184/1184 888/888/888 1621/1621/1621
f 1182/1182/1182 1191/1191/1191 1546/1546/1546
f 1429/1429/1429 460/460/460 260/260/260
f 878/878/878 1258/1258/1258 1221/1221/1221
f 1506/1506/1506 459/459/459 71/71/71
f 1581/1581/1581 141/141/141 587/587/587
f 266/266/266 458/458/458 810/810/810
f 733/733/733 457/457/457 80/80/80
f 1188/1188/1188 855/855/855 1625/1625/1625
f 1189/1189/1189 946/946/946 1448/1448/1448
f 1591/1591/1591 1189/1189/1189 586/586/586
f 483/483/483 455/455/455 776/776/776
f 1394/1394/1394 1190/1190/1190 148/148/148
f 1585/1585/1585 585/585/585 591/591/591
f 1682/1682/1682 804/804/804 252/252/252
f 447/447/447 90/90/90 477/477/477
f 735/735/735 1192/1192/1192 165/165/165
f 1394/1394/1394 948/948/948 1408/1408/1408
f 348/348/348 948/948/948 148/148/148
f 1783/1783/1783 442/442/442 242/242/242
f 73/73/73 123/123/123 1704/1704/1704
f 1782/1782/1782 441/441/441 72/72/72
f 1478/1478/1478 595/595/595 145/145/145
f 759/759/759 1196/1196/1196 596/596/596
f 63/63/63 1126/1126/1126 4/4/4
f 1398/1398/1398 1197/1197/1197 1354/1354/1354
f 1599/1599/1599 1197/1197/1197 150/150/150
f 198/198/198 1338/1338/1338 1301/1301/1301
f 1165/1165/1165 1126/1126/1126 515/515/515
f 1779/1779/1779 440/440/440 240/240/240
f 879/879/879 815/815/815 1624/1624/1624
f 718/718/718 1200/1200/1200 600/600/600
f 641/641/641 1200/1200/1200 169/169/169
f 1203/1203/1203 1201/1201/1201 1274/1274/1274
f 1603/1603/1603 1201/1201/1201 152/152/152
f 1778/1778/1778 439/439/439 61/61/61
f 908/908/908 1127/1127/1127 108/108/108
f 883/883/883 1227/1227/1227 962/962/962
f 1319/1319/1319 1203/1203/1203 149/149/149
f 678/678/678 1204/1204/1204 604/604/604
f 1204/1204/1204 171/171/171 603/603/603
f 238/238/238 1737/1737/1737 1797/1797/1797
f 1110/1110/1110 1127/1127/1127 515/515/515
f 1775/1775/1775 438/438/438 770/770/770
f 1118/1118/1118 606/606/606 156/156/156
f 1774/1774/1774 437/437/437 70/70/70
f 1242/1242/1242 605/605/605 151/151/151
f 645/645/645 1208/1208/1208 603/603/603
f 1645/1645/1645 1208/1208/1208 173/173/173
f 1118/1118/1118 1209/1209/1209 609/609/609
f 1611/1611/1611 1209/1209/1209 156/156/156
f 1612/1612/1612 358/358/358 610/610/610
f 1770/1770/1770 435/435/435 736/736/736
f 1360/1360/1360 934/934/934 249/249/249
f 1206/1206/1206 1211/1211/1211 153/153/153
f 599/599/599 519/519/519 612/612/612
f 655/655/655 519/519/519 599/599/599
f 1051/1051/1051 1387/1387/1387 1042/1042/1042
f 1085/1085/1085 447/447/447 1416/1416/1416
f 925/925/925 160/160/160 614/614/614
f 1743/1743/1743 422/422/422 222/222/222
f 887/887/887 1588/1588/1588 874/874/874
f 1742/1742/1742 421/421/421 62/62/62
f 1739/1739/1739 420/420/420 220/220/220
f 1216/1216/1216 549/549/549 1653/1653/1653
f 1217/1217/1217 960/960/960 945/945/945
f 1738/1738/1738 419/419/419 51/51/51
f 1596/1596/1596 142/142/142 618/618/618
f 1735/1735/1735 418/418/418 730/730/730
f 1613/1613/1613 157/157/157 619/619/619
f 1734/1734/1734 417/417/417 60/60/60
f 1730/1730/1730 415/415/415 696/696/696
f 1220/1220/1220 496/496/496 1657/1657/1657
f 1221/1221/1221 962/962/962 878/878/878
f 1707/1707/1707 404/404/404 204/204/204
f 815/815/815 164/164/164 622/622/622
f 1706/1706/1706 403/403/403 53/53/53
f 1657/1657/1657 179/179/179 623/623/623
f 1703/1703/1703 402/402/402 202/202/202
f 1702/1702/1702 401/401/401 52/52/52
f 1224/1224/1224 376/376/376 1661/1661/1661
f 1225/1225/1225 964/964/964 829/829/829
f 1699/1699/1699 400/400/400 200/200/200
f 278/278/278 1564/1564/1564 1021/1021/1021
f 1698/1698/1698 399/399/399 41/41/41
f 1621/1621/1621 161/161/161 627/627/627
f 1695/1695/1695 398/398/398 690/690/690
f 1694/1694/1694 397/397/397 50/50/50
f 803/803/803 274/274/274 106/106/106
f 1229/1229/1229 966/966/966 786/786/786
f 366/366/366 626/626/626 1631/1631/1631
f 1690/1690/1690 395/395/395 656/656/656
f 746/746/746 1230/1230/1230 168/168/168
f 1625/1625/1625 163/163/163 786/786/786
f 1667/1667/1667 384/384/384 184/184/184
f 838/838/838 383/383/383 632/632/632
f 27/27/27 1232/1232/1232 185/185/185
f 746/746/746 968/968/968 759/759/759
f 368/368/368 968/968/968 168/168/168
f 1663/1663/1663 382/382/382 182/182/182
f 1564/1564/1564 61/61/61 704/704/704
f 1662/1662/1662 381/381/381 42/42/42
f 798/798/798 635/635/635 165/165/165
f 95/95/95 1236/1236/1236 636/636/636
f 1357/1357/1357 1322/1322/1322 229/229/229
f 749/749/749 1237/1237/1237 718/718/718
f 1639/1639/1639 1237/1237/1237 170/170/170
f 962/962/962 161/161/161 621/621/621
f 1641/1641/1641 1601/1601/1601 1016/1016/1016
f 1659/1659/1659 380/380/380 180/180/180
f 1004/1004/1004 203/203/203 705/705/705
f 558/558/558 1240/1240/1240 640/640/640
f 1114/1114/1114 1240/1240/1240 189/189/189
f 1243/1243/1243 1241/1241/1241 678/678/678
f 1643/1643/1643 1241/1241/1241 172/172/172
f 1658/1658/1658 379/379/379 31/31/31
f 1245/1245/1245 666/666/666 174/174/174
f 1053/1053/1053 40/40/40 620/620/620
f 706/706/706 1243/1243/1243 169/169/169
f 683/683/683 1244/1244/1244 644/644/644
f 993/993/993 191/191/191 1288/1288/1288
f 1370/1370/1370 166/166/166 115/115/115
f 1647/1647/1647 1245/1245/1245 174/174/174
f 1635/1635/1635 1193/1193/1193 769/769/769
f 563/563/563 646/646/646 176/176/176
f 1654/1654/1654 377/377/377 40/40/40
f 666/666/666 645/645/645 171/171/171
f 1287/1287/1287 1248/1248/1248 1288/1288/1288
f 1685/1685/1685 1248/1248/1248 1287/1287/1287
f 563/563/563 1249/1249/1249 649/649/649
f 1651/1651/1651 1249/1249/1249 176/176/176
f 1652/1652/1652 378/378/378 650/650/650
f 1650/1650/1650 375/375/375 39/39/39
f 908/908/908 1162/1162/1162 312/312/312
f 629/629/629 1251/1251/1251 173/173/173
f 1358/1358/1358 1252/1252/1252 652/652/652
f 195/195/195 1252/1252/1252 1358/1358/1358
f 1133/1133/1133 1629/1629/1629 1097/1097/1097
f 1548/1548/1548 363/363/363 592/592/592
f 396/396/396 180/180/180 654/654/654
f 1623/1623/1623 362/362/362 162/162/162
f 925/925/925 1053/1053/1053 979/979/979
f 1622/1622/1622 361/361/361 32/32/32
f 1619/1619/1619 360/360/360 160/160/160
f 1256/1256/1256 695/695/695 1693/1693/1693
f 1257/1257/1257 980/980/980 436/436/436
f 1618/1618/1618 359/359/359 21/21/21
f 869/869/869 162/162/162 658/658/658
f 1185/1185/1185 681/681/681 1384/1384/1384
f 1653/1653/1653 177/177/177 659/659/659
f 1614/1614/1614 357/357/357 30/30/30
f 1610/1610/1610 355/355/355 576/576/576
f 1260/1260/1260 712/712/712 1697/1697/1697
f 1261/1261/1261 982/982/982 336/336/336
f 1587/1587/1587 344/344/344 144/144/144
f 175/175/175 184/184/184 662/662/662
f 253/253/253 343/343/343 552/552/552
f 1697/1697/1697 199/199/199 663/663/663
f 1583/1583/1583 342/342/342 142/142/142
f 1582/1582/1582 341/341/341 22/22/22
f 1264/1264/1264 1724/1724/1724 1701/1701/1701
f 1265/1265/1265 984/984/984 214/214/214
f 1579/1579/1579 340/340/340 140/140/140
f 1450/1450/1450 1311/1311/1311 1004/1004/1004
f 1578/1578/1578 339/339/339 11/11/11
f 1661/1661/1661 181/181/181 667/667/667
f 1228/1228/1228 989/989/989 768/768/768
f 1574/1574/1574 337/337/337 20/20/20
f 1268/1268/1268 1290/1290/1290 1705/1705/1705
f 1269/1269/1269 986/986/986 1271/1271/1271
f 386/386/386 186/186/186 1671/1671/1671
f 1570/1570/1570 335/335/335 536/536/536
f 36/36/36 1270/1270/1270 188/188/188
f 106/106/106 183/183/183 671/671/671
f 1547/1547/1547 324/324/324 124/124/124
f 1314/1314/1314 323/323/323 512/512/512
f 1757/1757/1757 1272/1272/1272 205/205/205
f 36/36/36 988/988/988 95/95/95
f 388/388/388 988/988/988 188/188/188
f 1543/1543/1543 322/322/322 122/122/122
f 931/931/931 1613/1613/1613 972/972/972
f 1542/1542/1542 321/321/321 12/12/12
f 135/135/135 675/675/675 185/185/185
f 1789/1789/1789 1276/1276/1276 676/676/676
f 1126/1126/1126 1165/1165/1165 4/4/4
f 76/76/76 1277/1277/1277 558/558/558
f 1679/1679/1679 1277/1277/1277 190/190/190
f 945/945/945 1214/1214/1214 1217/1217/1217
f 876/876/876 1165/1165/1165 1167/1167/1167
f 1539/1539/1539 320/320/320 120/120/120
f 1194/1194/1194 1302/1302/1302 1305/1305/1305
f 1753/1753/1753 1280/1280/1280 680/680/680
f 1686/1686/1686 1280/1280/1280 209/209/209
f 1283/1283/1283 1281/1281/1281 683/683/683
f 1683/1683/1683 1281/1281/1281 192/192/192
f 1538/1538/1538 319/319/319 1/1/1
f 1212/1212/1212 682/682/682 1687/1687/1687
f 952/952/952 1596/1596/1596 1620/1620/1620
f 559/559/559 1283/1283/1283 189/189/189
f 1717/1717/1717 1284/1284/1284 684/684/684
f 1673/1673/1673 1284/1284/1284 211/211/211
f 965/965/965 1183/1183/1183 960/960/960
f 115/115/115 1701/1701/1701 1370/1370/1370
f 1048/1048/1048 954/954/954 1286/1286/1286
f 974/974/974 686/686/686 196/196/196
f 1534/1534/1534 317/317/317 10/10/10
f 682/682/682 1288/1288/1288 709/709/709
f 725/725/725 1725/1725/1725 1328/1328/1328
f 972/972/972 1666/1666/1666 931/931/931
f 974/974/974 1289/1289/1289 689/689/689
f 1691/1691/1691 1289/1289/1289 196/196/196
f 1050/1050/1050 1009/1009/1009 1784/1784/1784
f 1530/1530/1530 315/315/315 9/9/9
f 1507/1507/1507 304/304/304 104/104/104
f 1212/1212/1212 1291/1291/1291 1287/1287/1287
f 1646/1646/1646 1292/1292/1292 692/692/692
f 215/215/215 1292/1292/1292 1646/1646/1646
f 1293/1293/1293 998/998/998 69/69/69
f 903/903/903 303/303/303 3/3/3
f 1094/1094/1094 200/200/200 694/694/694
f 1503/1503/1503 302/302/302 102/102/102
f 123/123/123 73/73/73 1023/1023/1023
f 1502/1502/1502 301/301/301 2/2/2
f 15/15/15 897/897/897 899/899/899
f 1296/1296/1296 1633/1633/1633 1733/1733/1733
f 1297/1297/1297 1000/1000/1000 930/930/930
f 17/17/17 500/500/500 898/898/898
f 316/316/316 182/182/182 698/698/698
f 37/37/37 893/893/893 295/295/295
f 1693/1693/1693 197/197/197 699/699/699
f 46/46/46 498/498/498 894/894/894
f 73/73/73 62/62/62 708/708/708
f 1300/1300/1300 1593/1593/1593 1737/1737/1737
f 1301/1301/1301 1002/1002/1002 198/198/198
f 960/960/960 159/159/159 617/617/617
f 123/123/123 204/204/204 702/702/702
f 391/391/391 865/865/865 867/867/867
f 1737/1737/1737 219/219/219 703/703/703
f 394/394/394 484/484/484 286/286/286
f 414/414/414 861/861/861 863/863/863
f 1304/1304/1304 1553/1553/1553 1741/1741/1741
f 1305/1305/1305 1004/1004/1004 1194/1194/1194
f 429/429/429 482/482/482 862/862/862
f 1311/1311/1311 1554/1554/1554 203/203/203
f 449/449/449 857/857/857 859/859/859
f 1701/1701/1701 201/201/201 707/707/707
f 451/451/451 480/480/480 858/858/858
f 471/471/471 853/853/853 275/275/275
f 1308/1308/1308 1513/1513/1513 1745/1745/1745
f 1309/1309/1309 1006/1006/1006 1311/1311/1311
f 406/406/406 206/206/206 1711/1711/1711
f 474/474/474 478/478/478 854/854/854
f 1760/1760/1760 1310/1310/1310 208/208/208
f 1095/1095/1095 1173/1173/1173 276/276/276
f 1476/1476/1476 1167/1167/1167 312/312/312
f 1272/1272/1272 1554/1554/1554 205/205/205
f 1355/1355/1355 1312/1312/1312 225/225/225
f 1760/1760/1760 1008/1008/1008 1789/1789/1789
f 408/408/408 1008/1008/1008 208/208/208
f 687/687/687 825/825/825 827/827/827
f 1798/1798/1798 764/764/764 232/232/232
f 761/761/761 80/80/80 457/457/457
f 1714/1714/1714 715/715/715 205/205/205
f 1395/1395/1395 1316/1316/1316 716/716/716
f 647/647/647 1207/1207/1207 569/569/569
f 1764/1764/1764 1317/1317/1317 1753/1753/1753
f 1719/1719/1719 1317/1317/1317 210/210/210
f 1357/1357/1357 1366/1366/1366 230/230/230
f 1565/1565/1565 1207/1207/1207 18/18/18
f 727/727/727 821/821/821 823/823/823
f 1226/1226/1226 1106/1106/1106 1109/1109/1109
f 1326/1326/1326 1320/1320/1320 720/720/720
f 1246/1246/1246 1320/1320/1320 229/229/229
f 1323/1323/1323 1321/1321/1321 1717/1717/1717
f 1723/1723/1723 1321/1321/1321 212/212/212
f 731/731/731 462/462/462 822/822/822
f 1325/1325/1325 722/722/722 1727/1727/1727
f 715/715/715 1714/1714/1714 1310/1310/1310
f 1749/1749/1749 1323/1323/1323 209/209/209
f 1282/1282/1282 1324/1324/1324 724/724/724
f 1202/1202/1202 1324/1324/1324 231/231/231
f 1006/1006/1006 1714/1714/1714 205/205/205
f 1053/1053/1053 925/925/925 1616/1616/1616
f 767/767/767 817/817/817 819/819/819
f 1637/1637/1637 726/726/726 216/216/216
f 771/771/771 460/460/460 818/818/818
f 1715/1715/1715 1327/1327/1327 211/211/211
f 765/765/765 1765/1765/1765 1669/1669/1669
f 722/722/722 1325/1325/1325 1327/1327/1327
f 1637/1637/1637 1329/1329/1329 729/729/729
f 1731/1731/1731 1329/1329/1329 216/216/216
f 494/494/494 1173/1173/1173 850/850/850
f 807/807/807 813/813/813 255/255/255
f 811/811/811 458/458/458 814/814/814
f 1754/1754/1754 1316/1316/1316 720/720/720
f 1195/1195/1195 1332/1332/1332 732/732/732
f 235/235/235 1332/1332/1332 1195/1195/1195
f 1333/1333/1333 1018/1018/1018 1601/1601/1601
f 1712/1712/1712 1755/1755/1755 1310/1310/1310
f 1557/1557/1557 220/220/220 734/734/734
f 716/716/716 1755/1755/1755 64/64/64
f 516/516/516 1125/1125/1125 14/14/14
f 1011/1011/1011 785/785/785 787/787/787
f 1014/1014/1014 244/244/244 246/246/246
f 1336/1336/1336 1153/1153/1153 1773/1773/1773
f 1337/1337/1337 1020/1020/1020 1561/1561/1561
f 1049/1049/1049 781/781/781 783/783/783
f 278/278/278 202/202/202 738/738/738
f 1051/1051/1051 442/442/442 782/782/782
f 1733/1733/1733 217/217/217 739/739/739
f 1072/1072/1072 777/777/777 779/779/779
f 1089/1089/1089 440/440/440 778/778/778
f 1340/1340/1340 1091/1091/1091 1777/1777/1777
f 1341/1341/1341 1022/1022/1022 1521/1521/1521
f 1115/1115/1115 773/773/773 235/235/235
f 1473/1473/1473 224/224/224 742/742/742
f 1122/1122/1122 438/438/438 774/774/774
f 1777/1777/1777 239/239/239 743/743/743
f 1219/1219/1219 157/157/157 613/613/613
f 598/598/598 1113/1113/1113 38/38/38
f 1344/1344/1344 1054/1054/1054 1781/1781/1781
f 1486/1486/1486 1024/1024/1024 1479/1479/1479
f 1479/1479/1479 745/745/745 747/747/747
f 1198/1198/1198 1113/1113/1113 612/612/612
f 1486/1486/1486 224/224/224 226/226/226
f 1741/1741/1741 221/221/221 747/747/747
f 1521/1521/1521 741/741/741 743/743/743
f 1526/1526/1526 422/422/422 742/742/742
f 1348/1348/1348 1030/1030/1030 1785/1785/1785
f 1049/1049/1049 1418/1418/1418 1381/1381/1381
f 426/426/426 226/226/226 1751/1751/1751
f 1561/1561/1561 737/737/737 739/739/739
f 1359/1359/1359 1350/1350/1350 228/228/228
f 1745/1745/1745 223/223/223 1442/1442/1442
f 1566/1566/1566 420/420/420 738/738/738
f 1601/1601/1601 217/217/217 215/215/215
f 950/950/950 1352/1352/1352 245/245/245
f 1359/1359/1359 1028/1028/1028 1395/1395/1395
f 428/428/428 1028/1028/1028 228/228/228
f 1606/1606/1606 418/418/418 734/734/734
f 606/606/606 1198/1198/1198 156/156/156
f 975/975/975 1198/1198/1198 612/612/612
f 1435/1435/1435 755/755/755 225/225/225
f 970/970/970 1356/1356/1356 756/756/756
f 1512/1512/1512 1125/1125/1125 1110/1110/1110
f 1366/1366/1366 1357/1357/1357 1326/1326/1326
f 1759/1759/1759 1357/1357/1357 230/230/230
f 353/353/353 1605/1605/1605 28/28/28
f 906/906/906 1247/1247/1247 105/105/105
f 1158/1158/1158 1605/1605/1605 1211/1211/1211
f 1209/1209/1209 1118/1118/1118 156/156/156
f 934/934/934 1360/1360/1360 760/760/760
f 891/891/891 1360/1360/1360 249/249/249
f 1363/1363/1363 1361/1361/1361 1282/1282/1282
f 1763/1763/1763 1361/1361/1361 232/232/232
f 1194/1194/1194 705/705/705 707/707/707
f 1365/1365/1365 762/762/762 1767/1767/1767
f 606/606/606 1118/1118/1118 1211/1211/1211
f 1322/1322/1322 1363/1363/1363 229/229/229
f 912/912/912 1364/1364/1364 764/764/764
f 873/873/873 1364/1364/1364 251/251/251
f 515/515/515 1247/1247/1247 1110/1110/1110
f 230/230/230 760/760/760 1759/1759/1759
f 1450/1450/1450 404/404/404 206/206/206
f 1159/1159/1159 766/766/766 236/236/236
f 198/198/198 701/701/701 703/703/703
f 1279/1279/1279 1367/1367/1367 231/231/231
f 805/805/805 1594/1594/1594 1199/1199/1199
f 1154/1154/1154 1215/1215/1215 956/956/956
f 1159/1159/1159 1369/1369/1369 769/769/769
f 1771/1771/1771 1369/1369/1369 236/236/236
f 794/794/794 816/816/816 475/475/475
f 218/218/218 402/402/402 702/702/702
f 930/930/930 697/697/697 699/699/699
f 1472/1472/1472 1266/1266/1266 105/105/105
f 851/851/851 1372/1372/1372 772/772/772
f 255/255/255 1372/1372/1372 851/851/851
f 1373/1373/1373 1038/1038/1038 1115/1115/1115
f 830/830/830 400/400/400 698/698/698
f 1070/1070/1070 240/240/240 774/774/774
f 69/69/69 693/693/693 195/195/195
f 1605/1605/1605 1158/1158/1158 28/28/28
f 43/43/43 398/398/398 694/694/694
f 670/670/670 1158/1158/1158 609/609/609
f 1376/1376/1376 833/833/833 424/424/424
f 1377/1377/1377 1040/1040/1040 1072/1072/1072
f 1034/1034/1034 1748/1748/1748 1052/1052/1052
f 1517/1517/1517 222/222/222 778/778/778
f 214/214/214 665/665/665 667/667/667
f 1773/1773/1773 237/237/237 779/779/779
f 234/234/234 384/384/384 186/186/186
f 336/336/336 661/661/661 663/663/663
f 1380/1380/1380 793/793/793 1748/1748/1748
f 1381/1381/1381 1042/1042/1042 1049/1049/1049
f 356/356/356 382/382/382 662/662/662
f 1009/1009/1009 244/244/244 782/782/782
f 436/436/436 657/657/657 659/659/659
f 1748/1748/1748 259/259/259 783/783/783
f 470/470/470 380/380/380 658/658/658
f 1255/1255/1255 653/653/653 655/655/655
f 1384/1384/1384 753/753/753 1185/1185/1185
f 1385/1385/1385 1044/1044/1044 1011/1011/1011
f 531/531/531 378/378/378 654/654/654
f 956/956/956 1172/1172/1172 609/609/609
f 1276/1276/1276 1789/1789/1789 669/669/669
f 1781/1781/1781 241/241/241 787/787/787
f 602/602/602 1642/1642/1642 1607/1607/1607
f 829/829/829 625/625/625 627/627/627
f 1388/1388/1388 713/713/713 938/938/938
f 489/489/489 794/794/794 1412/1412/1412
f 446/446/446 246/246/246 1791/1791/1791
f 839/839/839 164/164/164 626/626/626
f 951/951/951 1390/1390/1390 248/248/248
f 1785/1785/1785 243/243/243 992/992/992
f 878/878/878 621/621/621 623/623/623
f 883/883/883 362/362/362 622/622/622
f 607/607/607 1392/1392/1392 265/265/265
f 951/951/951 1048/1048/1048 970/970/970
f 448/448/448 1048/1048/1048 248/248/248
f 945/945/945 617/617/617 619/619/619
f 1204/1204/1204 603/603/603 973/973/973
f 965/965/965 360/360/360 618/618/618
f 990/990/990 795/795/795 245/245/245
f 634/634/634 1396/1396/1396 796/796/796
f 1226/1226/1226 1266/1266/1266 511/511/511
f 954/954/954 1397/1397/1397 934/934/934
f 1345/1345/1345 1397/1397/1397 250/250/250
f 676/676/676 1766/1766/1766 1789/1789/1789
f 1725/1725/1725 1644/1644/1644 58/58/58
f 1215/1215/1215 613/613/613 615/615/615
f 1406/1406/1406 12/12/12 508/508/508
f 597/597/597 1400/1400/1400 800/800/800
f 553/553/553 1400/1400/1400 269/269/269
f 1403/1403/1403 1401/1401/1401 912/912/912
f 1431/1431/1431 1401/1401/1401 252/252/252
f 1073/1073/1073 358/358/358 614/614/614
f 1405/1405/1405 802/802/802 841/841/841
f 1640/1640/1640 1175/1175/1175 936/936/936
f 932/932/932 1403/1403/1403 249/249/249
f 567/567/567 1404/1404/1404 804/804/804
f 517/517/517 1404/1404/1404 271/271/271
f 1113/1113/1113 1198/1198/1198 38/38/38
f 1608/1608/1608 1198/1198/1198 606/606/606
f 602/602/602 1206/1206/1206 153/153/153
f 837/837/837 806/806/806 256/256/256
f 1211/1211/1211 1206/1206/1206 606/606/606
f 911/911/911 1407/1407/1407 251/251/251
f 845/845/845 1330/1330/1330 870/870/870
f 1757/1757/1757 1766/1766/1766 54/54/54
f 837/837/837 1409/1409/1409 809/809/809
f 463/463/463 1409/1409/1409 256/256/256
f 527/527/527 1253/1253/1253 98/98/98
f 1546/1546/1546 585/585/585 587/587/587
f 1186/1186/1186 344/344/344 586/586/586
f 1295/1295/1295 1406/1406/1406 923/923/923
f 513/513/513 1412/1412/1412 812/812/812
f 275/275/275 1412/1412/1412 513/513/513
f 1413/1413/1413 1058/1058/1058 807/807/807
f 1609/1609/1609 581/581/581 583/583/583
f 757/757/757 260/260/260 814/814/814
f 1628/1628/1628 342/342/342 582/582/582
f 1168/1168/1168 605/605/605 153/153/153
f 1681/1681/1681 577/577/577 579/579/579
f 1689/1689/1689 340/340/340 578/578/578
f 1416/1416/1416 489/489/489 1085/1085/1085
f 1417/1417/1417 1060/1060/1060 767/767/767
f 1175/1175/1175 573/573/573 575/575/575
f 1032/1032/1032 242/242/242 818/818/818
f 1795/1795/1795 338/338/338 574/574/574
f 424/424/424 257/257/257 819/819/819
f 1324/1324/1324 1282/1282/1282 231/231/231
f 1008/1008/1008 1764/1764/1764 669/669/669
f 1420/1420/1420 454/454/454 1005/1005/1005
f 1421/1421/1421 1062/1062/1062 727/727/727
f 247/247/247 545/545/545 547/547/547
f 677/677/677 264/264/264 822/822/822
f 1146/1146/1146 324/324/324 546/546/546
f 1005/1005/1005 279/279/279 823/823/823
f 314/314/314 541/541/541 543/543/543
f 364/364/364 322/322/322 542/542/542
f 1424/1424/1424 431/431/431 905/905/905
f 1425/1425/1425 1064/1064/1064 687/687/687
f 518/518/518 537/537/537 539/539/539
f 152/152/152 604/604/604 1603/1603/1603
f 554/554/554 320/320/320 538/538/538
f 1185/1185/1185 261/261/261 827/827/827
f 1135/1135/1135 533/533/533 535/535/535
f 639/639/639 318/318/318 534/534/534
f 1428/1428/1428 409/409/409 831/831/831
f 493/493/493 1253/1253/1253 1285/1285/1285
f 466/466/466 464/464/464 143/143/143
f 1598/1598/1598 1238/1238/1238 564/564/564
f 608/608/608 1430/1430/1430 268/268/268
f 938/938/938 263/263/263 673/673/673
f 1201/1201/1201 1203/1203/1203 152/152/152
f 1313/1313/1313 505/505/505 507/507/507
f 334/334/334 1432/1432/1432 285/285/285
f 608/608/608 1068/1068/1068 634/634/634
f 468/468/468 1068/1068/1068 268/268/268
f 1106/1106/1106 304/304/304 506/506/506
f 1201/1201/1201 1242/1242/1242 151/151/151
f 1386/1386/1386 501/501/501 503/503/503
f 651/651/651 835/835/835 265/265/265
f 352/352/352 1436/1436/1436 836/836/836
f 1306/1306/1306 1501/1501/1501 1315/1315/1315
f 630/630/630 1437/1437/1437 597/597/597
f 1665/1665/1665 1437/1437/1437 270/270/270
f 605/605/605 1242/1242/1242 602/602/602
f 1313/1313/1313 1102/1102/1102 1105/1105/1105
f 1415/1415/1415 302/302/302 502/502/502
f 1164/1164/1164 1274/1274/1274 151/151/151
f 331/331/331 1440/1440/1440 840/840/840
f 97/97/97 1440/1440/1440 289/289/289
f 1443/1443/1443 1441/1441/1441 567/567/567
f 1410/1410/1410 1441/1441/1441 272/272/272
f 1099/1099/1099 860/860/860 499/499/499
f 1445/1445/1445 842/842/842 1285/1285/1285
f 1310/1310/1310 1760/1760/1760 715/715/715
f 594/594/594 1443/1443/1443 269/269/269
f 311/311/311 1444/1444/1444 844/844/844
f 77/77/77 1444/1444/1444 291/291/291
f 1008/1008/1008 1760/1760/1760 208/208/208
f 150/150/150 600/600/600 1599/1599/1599
f 1097/1097/1097 856/856/856 497/497/497
f 491/491/491 846/846/846 276/276/276
f 1092/1092/1092 776/776/776 455/455/455
f 561/561/561 1447/1447/1447 271/271/271
f 293/293/293 514/514/514 1487/1487/1487
f 130/130/130 1156/1156/1156 560/560/560
f 491/491/491 1449/1449/1449 849/849/849
f 1173/1173/1173 1449/1449/1449 276/276/276
f 1417/1417/1417 260/260/260 460/460/460
f 1081/1081/1081 824/824/824 481/481/481
f 1079/1079/1079 820/820/820 479/479/479
f 1367/1367/1367 1279/1279/1279 762/762/762
f 75/75/75 1452/1452/1452 852/852/852
f 295/295/295 1452/1452/1452 75/75/75
f 1453/1453/1453 1078/1078/1078 471/471/471
f 1077/1077/1077 816/816/816 477/477/477
f 434/434/434 280/280/280 854/854/854
f 1356/1356/1356 1286/1286/1286 760/760/760
f 763/763/763 1644/1644/1644 729/729/729
f 1061/1061/1061 784/784/784 461/461/461
f 1059/1059/1059 780/780/780 459/459/459
f 1456/1456/1456 55/55/55 1556/1556/1556
f 1457/1457/1457 1080/1080/1080 449/449/449
f 1057/1057/1057 776/776/776 457/457/457
f 717/717/717 262/262/262 858/858/858
f 833/833/833 1092/1092/1092 1372/1372/1372
f 1085/1085/1085 277/277/277 859/859/859
f 1041/1041/1041 744/744/744 441/441/441
f 1039/1039/1039 740/740/740 439/439/439
f 1460/1460/1460 26/26/26 1482/1482/1482
f 1461/1461/1461 1082/1082/1082 414/414/414
f 1037/1037/1037 736/736/736 437/437/437
f 389/389/389 284/284/284 862/862/862
f 1023/1023/1023 708/708/708 423/423/423
f 1482/1482/1482 299/299/299 863/863/863
f 1021/1021/1021 704/704/704 421/421/421
f 1019/1019/1019 700/700/700 419/419/419
f 1464/1464/1464 1438/1438/1438 1501/1501/1501
f 1465/1465/1465 1084/1084/1084 391/391/391
f 1017/1017/1017 696/696/696 417/417/417
f 1197/1197/1197 1398/1398/1398 150/150/150
f 1003/1003/1003 668/668/668 403/403/403
f 905/905/905 281/281/281 867/867/867
f 1001/1001/1001 664/664/664 401/401/401
f 999/999/999 660/660/660 399/399/399
f 1468/1468/1468 1318/1318/1318 1505/1505/1505
f 1032/1032/1032 768/768/768 1061/1061/1061
f 486/486/486 286/286/286 370/370/370
f 997/997/997 656/656/656 397/397/397
f 347/347/347 1470/1470/1470 288/288/288
f 831/831/831 283/283/283 374/374/374
f 983/983/983 628/628/628 383/383/383
f 981/981/981 624/624/624 381/381/381
f 1126/1126/1126 1472/1472/1472 105/105/105
f 347/347/347 1088/1088/1088 352/352/352
f 488/488/488 1088/1088/1088 288/288/288
f 979/979/979 620/620/620 379/379/379
f 1766/1766/1766 1757/1757/1757 715/715/715
f 977/977/977 39/39/39 377/377/377
f 371/371/371 875/875/875 285/285/285
f 1167/1167/1167 1476/1476/1476 876/876/876
f 1361/1361/1361 1279/1279/1279 231/231/231
f 350/350/350 1477/1477/1477 331/331/331
f 83/83/83 1477/1477/1477 290/290/290
f 1638/1638/1638 604/604/604 152/152/152
f 1315/1315/1315 387/387/387 1306/1306/1306
f 963/963/963 588/588/588 363/363/363
f 1197/1197/1197 1319/1319/1319 149/149/149
f 1033/1033/1033 1480/1480/1480 880/880/880
f 832/832/832 1480/1480/1480 109/109/109
f 1483/1483/1483 1481/1481/1481 311/311/311
f 444/444/444 1481/1481/1481 292/292/292
f 961/961/961 584/584/584 361/361/361
f 1634/1634/1634 1275/1275/1275 762/762/762
f 1203/1203/1203 1319/1319/1319 152/152/152
f 330/330/330 1483/1483/1483 289/289/289
f 909/909/909 1484/1484/1484 884/884/884
f 877/877/877 752/752/752 88/88/88
f 1156/1156/1156 47/47/47 560/560/560
f 1199/1199/1199 1275/1275/1275 873/873/873
f 959/959/959 580/580/580 359/359/359
f 57/57/57 886/886/886 296/296/296
f 957/957/957 576/576/576 357/357/357
f 310/310/310 1487/1487/1487 291/291/291
f 525/525/525 1488/1488/1488 111/111/111
f 1525/1525/1525 1488/1488/1488 113/113/113
f 57/57/57 1489/1489/1489 889/889/889
f 1597/1597/1597 1489/1489/1489 296/296/296
f 752/752/752 473/473/473 88/88/88
f 943/943/943 548/548/548 343/343/343
f 941/941/941 544/544/544 341/341/341
f 87/87/87 1491/1491/1491 293/293/293
f 688/688/688 616/616/616 892/892/892
f 535/535/535 616/616/616 688/688/688
f 1493/1493/1493 1098/1098/1098 37/37/37
f 939/939/939 540/540/540 339/339/339
f 6/6/6 300/300/300 894/894/894
f 1500/1500/1500 319/319/319 900/900/900
f 1710/1710/1710 1757/1757/1757 54/54/54
f 937/937/937 536/536/536 337/337/337
f 1496/1496/1496 317/317/317 9/9/9
f 1496/1496/1496 643/643/643 1533/1533/1533
f 1497/1497/1497 1100/1100/1100 15/15/15
f 923/923/923 508/508/508 323/323/323
f 411/411/411 282/282/282 898/898/898
f 1468/1468/1468 303/303/303 868/868/868
f 1556/1556/1556 297/297/297 899/899/899
f 921/921/921 504/504/504 321/321/321
f 1464/1464/1464 301/301/301 864/864/864
f 1500/1500/1500 589/589/589 1537/1537/1537
f 1501/1501/1501 1306/1306/1306 1464/1464/1464
f 45/45/45 10/10/10 900/900/900
f 1306/1306/1306 2/2/2 301/301/301
f 6/6/6 45/45/45 919/919/919
f 1101/1101/1101 102/102/102 302/302/302
f 7/7/7 1556/1556/1556 25/25/25
f 15/15/15 1494/1494/1494 1497/1497/1497
f 1504/1504/1504 1542/1542/1542 1406/1406/1406
f 1505/1505/1505 354/354/354 1468/1468/1468
f 16/16/16 411/411/411 1439/1439/1439
f 354/354/354 3/3/3 303/303/303
f 17/17/17 1463/1463/1463 1100/1100/1100
f 1105/1105/1105 104/104/104 304/304/304
f 25/25/25 432/432/432 7/7/7
f 1100/1100/1100 299/299/299 897/897/897
f 1160/1160/1160 1354/1354/1354 149/149/149
f 63/63/63 1472/1472/1472 1126/1126/1126
f 515/515/515 1126/1126/1126 105/105/105
f 1472/1472/1472 63/63/63 305/305/305
f 298/298/298 1510/1510/1510 4/4/4
f 1109/1109/1109 1511/1511/1511 306/306/306
f 1111/1111/1111 103/103/103 505/505/505
f 1550/1550/1550 1512/1512/1512 306/306/306
f 1125/1125/1125 1512/1512/1512 14/14/14
f 566/566/566 1231/1231/1231 1171/1171/1171
f 1027/1027/1027 1755/1755/1755 716/716/716
f 521/521/521 11/11/11 504/504/504
f 290/290/290 1514/1514/1514 880/880/880
f 758/758/758 596/596/596 34/34/34
f 927/927/927 308/308/308 108/108/108
f 473/473/473 752/752/752 841/841/841
f 768/768/768 81/81/81 784/784/784
f 45/45/45 6/6/6 1485/1485/1485
f 1123/1123/1123 832/832/832 109/109/109
f 832/832/832 1518/1518/1518 1480/1480/1480
f 46/46/46 1499/1499/1499 1098/1098/1098
f 1310/1310/1310 1755/1755/1755 208/208/208
f 1098/1098/1098 297/297/297 893/893/893
f 685/685/685 56/56/56 8/8/8
f 86/86/86 56/56/56 892/892/892
f 886/886/886 86/86/86 296/296/296
f 1253/1253/1253 493/493/493 98/98/98
f 766/766/766 1159/1159/1159 1371/1371/1371
f 915/915/915 86/86/86 892/892/892
f 493/493/493 1761/1761/1761 98/98/98
f 67/67/67 1761/1761/1761 1491/1491/1491
f 1489/1489/1489 57/57/57 296/296/296
f 1190/1190/1190 1362/1362/1362 148/148/148
f 1488/1488/1488 1525/1525/1525 313/313/313
f 1131/1131/1131 1525/1525/1525 113/113/113
f 886/886/886 57/57/57 1491/1491/1491
f 1709/1709/1709 313/313/313 8/8/8
f 1361/1361/1361 1363/1363/1363 232/232/232
f 1346/1346/1346 521/521/521 921/921/921
f 333/333/333 1528/1528/1528 1527/1527/1527
f 775/775/775 1528/1528/1528 18/18/18
f 967/967/967 1362/1362/1362 596/596/596
f 66/66/66 37/37/37 1096/1096/1096
f 616/616/616 9/9/9 315/315/315
f 1761/1761/1761 67/67/67 98/98/98
f 679/679/679 1531/1531/1531 530/530/530
f 935/935/935 1531/1531/1531 116/116/116
f 490/490/490 67/67/67 889/889/889
f 1169/1169/1169 1231/1231/1231 136/136/136
f 1533/1533/1533 492/492/492 1496/1496/1496
f 1096/1096/1096 75/75/75 889/889/889
f 492/492/492 10/10/10 317/317/317
f 1590/1590/1590 1368/1368/1368 24/24/24
f 1390/1390/1390 951/951/951 795/795/795
f 882/882/882 1522/1522/1522 1721/1721/1721
f 1484/1484/1484 111/111/111 913/913/913
f 1536/1536/1536 1574/1574/1574 638/638/638
f 1537/1537/1537 1375/1375/1375 1500/1500/1500
f 1402/1402/1402 1368/1368/1368 595/595/595
f 1375/1375/1375 1/1/1 319/319/319
f 948/948/948 1394/1394/1394 148/148/148
f 1137/1137/1137 120/120/120 320/320/320
f 1375/1375/1375 1537/1537/1537 1426/1426/1426
f 56/56/56 86/86/86 8/8/8
f 1540/1540/1540 1578/1578/1578 521/521/521
f 1541/1541/1541 233/233/233 1104/1104/1104
f 1709/1709/1709 86/86/86 886/886/886
f 233/233/233 12/12/12 321/321/321
f 882/882/882 87/87/87 293/293/293
f 1141/1141/1141 122/122/122 322/322/322
f 1491/1491/1491 87/87/87 886/886/886
f 1769/1769/1769 1675/1675/1675 1576/1576/1576
f 1544/1544/1544 1582/1582/1582 327/327/327
f 1545/1545/1545 1205/1205/1205 1108/1108/1108
f 514/514/514 293/293/293 1761/1761/1761
f 1205/1205/1205 512/512/512 323/323/323
f 1518/1518/1518 832/832/832 884/884/884
f 1142/1142/1142 124/124/124 324/324/324
f 1190/1190/1190 1394/1394/1394 595/595/595
f 292/292/292 884/884/884 444/444/444
f 1393/1393/1393 716/716/716 64/64/64
f 1112/1112/1112 89/89/89 325/325/325
f 555/555/555 89/89/89 125/125/125
f 89/89/89 1550/1550/1550 325/325/325
f 1512/1512/1512 1550/1550/1550 14/14/14
f 1149/1149/1149 1551/1551/1551 326/326/326
f 93/93/93 97/97/97 844/844/844
f 1590/1590/1590 1552/1552/1552 326/326/326
f 79/79/79 1552/1552/1552 24/24/24
f 1386/1386/1386 1138/1138/1138 1101/1101/1101
f 948/948/948 1398/1398/1398 47/47/47
f 1758/1758/1758 1246/1246/1246 724/724/724
f 1403/1403/1403 932/932/932 252/252/252
f 1481/1481/1481 1483/1483/1483 292/292/292
f 947/947/947 328/328/328 128/128/128
f 1768/1768/1768 453/453/453 78/78/78
f 1368/1368/1368 1402/1402/1402 24/24/24
f 556/556/556 1402/1402/1402 1408/1408/1408
f 1163/1163/1163 642/642/642 129/129/129
f 642/642/642 1558/1558/1558 1120/1120/1120
f 1156/1156/1156 1408/1408/1408 47/47/47
f 1481/1481/1481 310/310/310 291/291/291
f 1487/1487/1487 310/310/310 882/882/882
f 1280/1280/1280 1753/1753/1753 209/209/209
f 1444/1444/1444 311/311/311 291/291/291
f 1276/1276/1276 669/669/669 680/680/680
f 1397/1397/1397 932/932/932 249/249/249
f 557/557/557 1490/1490/1490 77/77/77
f 232/232/232 764/764/764 1763/1763/1763
f 290/290/290 880/880/880 83/83/83
f 258/258/258 1436/1436/1436 840/840/840
f 1406/1406/1406 1295/1295/1295 1504/1504/1504
f 1323/1323/1323 1749/1749/1749 212/212/212
f 1128/1128/1128 1565/1565/1565 333/333/333
f 1171/1171/1171 1565/1565/1565 133/133/133
f 1477/1477/1477 350/350/350 290/290/290
f 1528/1528/1528 333/333/333 18/18/18
f 1317/1317/1317 1749/1749/1749 209/209/209
f 1415/1415/1415 1107/1107/1107 902/902/902
f 353/353/353 1568/1568/1568 1567/1567/1567
f 799/799/799 1568/1568/1568 28/28/28
f 1207/1207/1207 1565/1565/1565 1171/1171/1171
f 1448/1448/1448 1186/1186/1186 1189/1189/1189
f 1756/1756/1756 536/536/536 335/335/335
f 1758/1758/1758 724/724/724 212/212/212
f 1640/1640/1640 1571/1571/1571 570/570/570
f 955/955/955 1571/1571/1571 136/136/136
f 1477/1477/1477 330/330/330 289/289/289
f 1426/1426/1426 410/410/410 1375/1375/1375
f 1573/1573/1573 1676/1676/1676 1136/1136/1136
f 1483/1483/1483 330/330/330 292/292/292
f 1676/1676/1676 20/20/20 337/337/337
f 1436/1436/1436 568/568/568 840/840/840
f 1034/1034/1034 71/71/71 459/459/459
f 1440/1440/1440 331/331/331 289/289/289
f 1165/1165/1165 876/876/876 4/4/4
f 1576/1576/1576 1614/1614/1614 1769/1769/1769
f 1577/1577/1577 307/307/307 1140/1140/1140
f 1470/1470/1470 332/332/332 288/288/288
f 307/307/307 11/11/11 339/339/339
f 907/907/907 332/332/332 876/876/876
f 1177/1177/1177 140/140/140 340/340/340
f 23/23/23 334/334/334 94/94/94
f 351/351/351 334/334/334 875/875/875
f 1580/1580/1580 1618/1618/1618 1684/1684/1684
f 1581/1581/1581 1529/1529/1529 1144/1144/1144
f 1088/1088/1088 347/347/347 288/288/288
f 1529/1529/1529 22/22/22 341/341/341
f 1470/1470/1470 347/347/347 875/875/875
f 1181/1181/1181 142/142/142 342/342/342
f 596/596/596 1362/1362/1362 34/34/34
f 1088/1088/1088 350/350/350 568/568/568
f 1584/1584/1584 1622/1622/1622 1626/1626/1626
f 1585/1585/1585 146/146/146 1148/1148/1148
f 333/333/333 1565/1565/1565 18/18/18
f 146/146/146 552/552/552 343/343/343
f 334/334/334 351/351/351 94/94/94
f 1182/1182/1182 144/144/144 344/344/344
f 836/836/836 351/351/351 352/352/352
f 1436/1436/1436 352/352/352 568/568/568
f 1592/1592/1592 1362/1362/1362 1190/1190/1190
f 1152/1152/1152 1368/1368/1368 345/345/345
f 595/595/595 1368/1368/1368 145/145/145
f 1368/1368/1368 1590/1590/1590 345/345/345
f 1552/1552/1552 1590/1590/1590 24/24/24
f 1189/1189/1189 1591/1591/1591 346/346/346
f 370/370/370 3/3/3 305/305/305
f 1630/1630/1630 1592/1592/1592 346/346/346
f 1362/1362/1362 1592/1592/1592 34/34/34
f 1765/1765/1765 765/765/765 1371/1371/1371
f 946/946/946 1478/1478/1478 145/145/145
f 595/595/595 1478/1478/1478 1190/1190/1190
f 1036/1036/1036 1195/1195/1195 769/769/769
f 902/902/902 101/101/101 501/501/501
f 967/967/967 348/348/348 148/148/148
f 940/940/940 139/139/139 577/577/577
f 1439/1439/1439 1538/1538/1538 16/16/16
f 876/876/876 332/332/332 4/4/4
f 1203/1203/1203 1238/1238/1238 149/149/149
f 1238/1238/1238 1598/1598/1598 1160/1160/1160
f 298/298/298 332/332/332 1470/1470/1470
f 1086/1086/1086 371/371/371 285/285/285
f 875/875/875 371/371/371 1470/1470/1470
f 1669/1669/1669 1367/1367/1367 765/765/765
f 1432/1432/1432 374/374/374 285/285/285
f 1044/1044/1044 243/243/243 785/785/785
f 1728/1728/1728 1677/1677/1677 726/726/726
f 1029/1029/1029 1446/1446/1446 1010/1010/1010
f 427/427/427 2/2/2 868/868/868
f 389/389/389 427/427/427 903/903/903
f 390/390/390 905/905/905 407/407/407
f 391/391/391 1462/1462/1462 1465/1465/1465
f 1371/1371/1371 1235/1235/1235 766/766/766
f 1168/1168/1168 1605/1605/1605 353/353/353
f 1211/1211/1211 1605/1605/1605 153/153/153
f 1152/1152/1152 1492/1492/1492 145/145/145
f 1568/1568/1568 353/353/353 28/28/28
f 394/394/394 1471/1471/1471 1084/1084/1084
f 1497/1497/1497 300/300/300 500/500/500
f 373/373/373 1608/1608/1608 1607/1607/1607
f 1198/1198/1198 1608/1608/1608 38/38/38
f 1448/1448/1448 1492/1492/1492 591/591/591
f 407/407/407 674/674/674 390/390/390
f 1013/1013/1013 576/576/576 355/355/355
f 1084/1084/1084 283/283/283 865/865/865
f 1154/1154/1154 1611/1611/1611 610/610/610
f 975/975/975 1611/1611/1611 156/156/156
f 16/16/16 1/1/1 864/864/864
f 1612/1612/1612 1650/1650/1650 977/977/977
f 1613/1613/1613 931/931/931 1176/1176/1176
f 411/411/411 16/16/16 901/901/901
f 931/931/931 30/30/30 357/357/357
f 412/412/412 1482/1482/1482 430/430/430
f 1048/1048/1048 951/951/951 248/248/248
f 414/414/414 1498/1498/1498 1461/1461/1461
f 427/427/427 389/389/389 871/871/871
f 1616/1616/1616 1654/1654/1654 1053/1053/1053
f 1617/1617/1617 1600/1600/1600 1180/1180/1180
f 429/429/429 1467/1467/1467 1082/1082/1082
f 1600/1600/1600 21/21/21 359/359/359
f 430/430/430 714/714/714 412/412/412
f 1217/1217/1217 160/160/160 360/360/360
f 1082/1082/1082 281/281/281 861/861/861
f 472/472/472 100/100/100 860/860/860
f 1620/1620/1620 1658/1658/1658 952/952/952
f 1621/1621/1621 826/826/826 1184/1184/1184
f 434/434/434 472/472/472 1099/1099/1099
f 826/826/826 32/32/32 361/361/361
f 447/447/447 1085/1085/1085 452/452/452
f 1221/1221/1221 162/162/162 362/362/362
f 449/449/449 1454/1454/1454 1457/1457/1457
f 450/450/450 717/717/717 924/924/924
f 1624/1624/1624 1662/1662/1662 879/879/879
f 1625/1625/1625 1434/1434/1434 1188/1188/1188
f 451/451/451 1423/1423/1423 1080/1080/1080
f 1434/1434/1434 592/592/592 363/363/363
f 452/452/452 754/754/754 447/447/447
f 765/765/765 1235/1235/1235 1371/1371/1371
f 1080/1080/1080 279/279/279 857/857/857
f 412/412/412 91/91/91 499/499/499
f 1317/1317/1317 1764/1764/1764 210/210/210
f 1192/1192/1192 735/735/735 365/365/365
f 635/635/635 735/735/735 165/165/165
f 735/735/735 1630/1630/1630 365/365/365
f 1592/1592/1592 1630/1630/1630 34/34/34
f 626/626/626 366/366/366 1229/1229/1229
f 1768/1768/1768 1233/1233/1233 766/766/766
f 1670/1670/1670 1632/1632/1632 366/366/366
f 723/723/723 1632/1632/1632 44/44/44
f 1482/1482/1482 412/412/412 1460/1460/1460
f 1626/1626/1626 32/32/32 588/588/588
f 1485/1485/1485 1534/1534/1534 45/45/45
f 1397/1397/1397 954/954/954 250/250/250
f 1014/1014/1014 1391/1391/1391 1044/1044/1044
f 987/987/987 368/368/368 168/168/168
f 1674/1674/1674 170/170/170 368/368/368
f 472/472/472 434/434/434 1025/1025/1025
f 474/474/474 1459/1459/1459 1078/1078/1078
f 1243/1243/1243 641/641/641 169/169/169
f 641/641/641 1638/1638/1638 1200/1200/1200
f 1516/1516/1516 1626/1626/1626 963/963/963
f 1078/1078/1078 277/277/277 853/853/853
f 67/67/67 490/490/490 98/98/98
f 527/527/527 490/490/490 852/852/852
f 846/846/846 527/527/527 276/276/276
f 1095/1095/1095 527/527/527 852/852/852
f 645/645/645 603/603/603 171/171/171
f 433/433/433 1713/1713/1713 1669/1669/1669
f 473/473/473 1330/1330/1330 88/88/88
f 510/510/510 1330/1330/1330 1451/1451/1451
f 1449/1449/1449 491/491/491 276/276/276
f 846/846/846 491/491/491 1451/1451/1451
f 190/190/190 1276/1276/1276 680/680/680
f 1208/1208/1208 1645/1645/1645 373/373/373
f 1251/1251/1251 1645/1645/1645 173/173/173
f 1155/1155/1155 1233/1233/1233 78/78/78
f 1608/1608/1608 373/373/373 38/38/38
f 494/494/494 471/471/471 1076/1076/1076
f 993/993/993 1647/1647/1647 174/174/174
f 393/393/393 1648/1648/1648 1647/1647/1647
f 611/611/611 1648/1648/1648 48/48/48
f 1529/1529/1529 1581/1581/1581 1569/1569/1569
f 1330/1330/1330 510/510/510 88/88/88
f 519/519/519 39/39/39 375/375/375
f 834/834/834 510/510/510 849/849/849
f 593/593/593 1651/1651/1651 650/650/650
f 995/995/995 1651/1651/1651 176/176/176
f 1076/1076/1076 513/513/513 849/849/849
f 1652/1652/1652 1690/1690/1690 997/997/997
f 1653/1653/1653 416/416/416 1216/1216/1216
f 1487/1487/1487 514/514/514 77/77/77
f 416/416/416 40/40/40 377/377/377
f 842/842/842 557/557/557 1285/1285/1285
f 1748/1748/1748 1034/1034/1034 1380/1380/1380
f 493/493/493 557/557/557 514/514/514
f 1788/1788/1788 1065/1065/1065 808/808/808
f 1656/1656/1656 1694/1694/1694 523/523/523
f 1657/1657/1657 874/874/874 1220/1220/1220
f 210/210/210 720/720/720 1719/1719/1719
f 874/874/874 31/31/31 379/379/379
f 842/842/842 1445/1445/1445 1447/1447/1447
f 1257/1257/1257 180/180/180 380/380/380
f 490/490/490 527/527/527 98/98/98
f 1253/1253/1253 527/527/527 846/846/846
f 1660/1660/1660 1698/1698/1698 456/456/456
f 1661/1661/1661 194/194/194 1224/1224/1224
f 845/845/845 528/528/528 1451/1451/1451
f 194/194/194 42/42/42 381/381/381
f 1451/1451/1451 528/528/528 846/846/846
f 1261/1261/1261 182/182/182 382/382/382
f 870/870/870 1447/1447/1447 845/845/845
f 1330/1330/1330 845/845/845 1451/1451/1451
f 1664/1664/1664 1702/1702/1702 349/349/349
f 517/517/517 1433/1433/1433 1404/1404/1404
f 762/762/762 1365/1365/1365 1367/1367/1367
f 106/106/106 632/632/632 383/383/383
f 1569/1569/1569 213/213/213 1529/1529/1529
f 1265/1265/1265 184/184/184 384/384/384
f 272/272/272 844/844/844 1410/1410/1410
f 1682/1682/1682 553/553/553 804/804/804
f 1447/1447/1447 517/517/517 271/271/271
f 19/19/19 1232/1232/1232 27/27/27
f 675/675/675 27/27/27 185/185/185
f 1232/1232/1232 19/19/19 385/385/385
f 1632/1632/1632 1670/1670/1670 44/44/44
f 186/186/186 386/386/386 1269/1269/1269
f 1284/1284/1284 1717/1717/1717 211/211/211
f 1710/1710/1710 1672/1672/1672 386/386/386
f 126/126/126 1672/1672/1672 54/54/54
f 1493/1493/1493 890/890/890 498/498/498
f 969/969/969 950/950/950 795/795/795
f 1441/1441/1441 1443/1443/1443 272/272/272
f 170/170/170 1674/1674/1674 640/640/640
f 1327/1327/1327 1715/1715/1715 722/722/722
f 1007/1007/1007 388/388/388 188/188/188
f 313/313/313 1709/1709/1709 1721/1721/1721
f 514/514/514 557/557/557 77/77/77
f 1490/1490/1490 557/557/557 842/842/842
f 1283/1283/1283 1114/1114/1114 189/189/189
f 1114/1114/1114 1678/1678/1678 1240/1240/1240
f 1441/1441/1441 561/561/561 271/271/271
f 1447/1447/1447 561/561/561 842/842/842
f 952/952/952 31/31/31 584/584/584
f 1404/1404/1404 567/567/567 271/271/271
f 1321/1321/1321 1715/1715/1715 211/211/211
f 1596/1596/1596 952/952/952 961/961/961
f 709/709/709 1288/1288/1288 191/191/191
f 191/191/191 993/993/993 1244/1244/1244
f 270/270/270 840/840/840 1665/1665/1665
f 118/118/118 1396/1396/1396 800/800/800
f 955/955/955 799/799/799 572/572/572
f 1437/1437/1437 630/630/630 270/270/270
f 719/719/719 1722/1722/1722 1673/1673/1673
f 1248/1248/1248 1685/1685/1685 393/393/393
f 1291/1291/1291 1685/1685/1685 1287/1287/1287
f 1762/1762/1762 1713/1713/1713 722/722/722
f 1648/1648/1648 393/393/393 48/48/48
f 93/93/93 844/844/844 272/272/272
f 1600/1600/1600 1617/1617/1617 1636/1636/1636
f 413/413/413 1688/1688/1688 1687/1687/1687
f 1234/1234/1234 1688/1688/1688 58/58/58
f 695/695/695 509/509/509 1252/1252/1252
f 1437/1437/1437 594/594/594 269/269/269
f 509/509/509 656/656/656 395/395/395
f 1443/1443/1443 594/594/594 272/272/272
f 13/13/13 1691/1691/1691 690/690/690
f 1015/1015/1015 1691/1691/1691 196/196/196
f 1396/1396/1396 914/914/914 800/800/800
f 1692/1692/1692 1730/1730/1730 1017/1017/1017
f 1693/1693/1693 1012/1012/1012 1256/1256/1256
f 1400/1400/1400 597/597/597 269/269/269
f 1012/1012/1012 50/50/50 397/397/397
f 351/351/351 836/836/836 94/94/94
f 1293/1293/1293 690/690/690 398/398/398
f 1430/1430/1430 601/601/601 268/268/268
f 1087/1087/1087 601/601/601 836/836/836
f 1696/1696/1696 1734/1734/1734 59/59/59
f 1697/1697/1697 329/329/329 1260/1260/1260
f 29/29/29 607/607/607 84/84/84
f 329/329/329 41/41/41 399/399/399
f 633/633/633 607/607/607 835/835/835
f 1297/1297/1297 200/200/200 400/400/400
f 1068/1068/1068 608/608/608 268/268/268
f 1430/1430/1430 608/608/608 835/835/835
f 1700/1700/1700 1738/1738/1738 896/896/896
f 1701/1701/1701 115/115/115 1264/1264/1264
f 1609/1609/1609 1218/1218/1218 1181/1181/1181
f 115/115/115 52/52/52 401/401/401
f 1068/1068/1068 630/630/630 914/914/914
f 1301/1301/1301 202/202/202 402/402/402
f 7/7/7 100/100/100 497/497/497
f 607/607/607 633/633/633 84/84/84
f 1704/1704/1704 1742/1742/1742 73/73/73
f 1705/1705/1705 96/96/96 1268/1268/1268
f 796/796/796 633/633/633 634/634/634
f 96/96/96 53/53/53 403/403/403
f 1396/1396/1396 634/634/634 914/914/914
f 1305/1305/1305 204/204/204 404/404/404
f 1011/1011/1011 1382/1382/1382 1385/1385/1385
f 1669/1669/1669 1713/1713/1713 1202/1202/1202
f 1010/1010/1010 1781/1781/1781 1029/1029/1029
f 1272/1272/1272 1757/1757/1757 405/405/405
f 715/715/715 1757/1757/1757 205/205/205
f 1757/1757/1757 1710/1710/1710 405/405/405
f 1672/1672/1672 1710/1710/1710 54/54/54
f 206/206/206 406/406/406 1309/1309/1309
f 566/566/566 799/799/799 136/136/136
f 1750/1750/1750 1712/1712/1712 406/406/406
f 1755/1755/1755 1712/1712/1712 64/64/64
f 1556/1556/1556 7/7/7 1456/1456/1456
f 1626/1626/1626 1516/1516/1516 1584/1584/1584
f 1572/1572/1572 1530/1530/1530 917/917/917
f 873/873/873 1634/1634/1634 1364/1364/1364
f 836/836/836 601/601/601 94/94/94
f 1027/1027/1027 408/408/408 208/208/208
f 1754/1754/1754 210/210/210 408/408/408
f 138/138/138 601/601/601 1430/1430/1430
f 1066/1066/1066 651/651/651 265/265/265
f 1323/1323/1323 1686/1686/1686 209/209/209
f 1686/1686/1686 1718/1718/1718 1280/1280/1280
f 835/835/835 651/651/651 1430/1430/1430
f 453/453/453 1275/1275/1275 1199/1199/1199
f 1392/1392/1392 673/673/673 265/265/265
f 1009/1009/1009 1050/1050/1050 1063/1063/1063
f 728/728/728 92/92/92 828/828/828
f 677/677/677 728/728/728 1083/1083/1083
f 1327/1327/1327 1673/1673/1673 211/211/211
f 1673/1673/1673 1722/1722/1722 1284/1284/1284
f 681/681/681 1185/1185/1185 710/710/710
f 687/687/687 1422/1422/1422 1425/1425/1425
f 1628/1628/1628 1187/1187/1187 942/942/942
f 1407/1407/1407 873/873/873 251/251/251
f 1713/1713/1713 1762/1762/1762 1202/1202/1202
f 1321/1321/1321 1323/1323/1323 212/212/212
f 915/915/915 1597/1597/1597 296/296/296
f 710/710/710 994/994/994 681/681/681
f 1688/1688/1688 413/413/413 58/58/58
f 1064/1064/1064 263/263/263 825/825/825
f 1636/1636/1636 287/287/287 1600/1600/1600
f 433/433/433 1728/1728/1728 1727/1727/1727
f 1677/1677/1677 1728/1728/1728 68/68/68
f 1633/1633/1633 1296/1296/1296 1292/1292/1292
f 450/450/450 91/91/91 824/824/824
f 1296/1296/1296 696/696/696 415/415/415
f 717/717/717 450/450/450 1081/1081/1081
f 1641/1641/1641 1731/1731/1731 730/730/730
f 1035/1035/1035 1731/1731/1731 216/216/216
f 721/721/721 1005/1005/1005 750/750/750
f 1732/1732/1732 1770/1770/1770 1037/1037/1037
f 1733/1733/1733 1560/1560/1560 1296/1296/1296
f 727/727/727 1458/1458/1458 1421/1421/1421
f 1560/1560/1560 60/60/60 417/417/417
f 728/728/728 677/677/677 958/958/958
f 1333/1333/1333 730/730/730 418/418/418
f 731/731/731 1427/1427/1427 1062/1062/1062
f 750/750/750 1031/1031/1031 721/721/721
f 1736/1736/1736 1774/1774/1774 1604/1604/1604
f 1737/1737/1737 238/238/238 1300/1300/1300
f 1062/1062/1062 261/261/261 821/821/821
f 238/238/238 51/51/51 419/419/419
f 808/808/808 90/90/90 820/820/820
f 1337/1337/1337 220/220/220 420/420/420
f 757/757/757 808/808/808 1079/1079/1079
f 761/761/761 424/424/424 790/790/790
f 1740/1740/1740 1778/1778/1778 1564/1564/1564
f 1741/1741/1741 1475/1475/1475 1304/1304/1304
f 767/767/767 1414/1414/1414 1417/1417/1417
f 1475/1475/1475 62/62/62 421/421/421
f 768/768/768 1032/1032/1032 1228/1228/1228
f 1341/1341/1341 222/222/222 422/422/422
f 771/771/771 1383/1383/1383 1060/1060/1060
f 790/790/790 1069/1069/1069 761/761/761
f 1744/1744/1744 1782/1782/1782 1524/1524/1524
f 1745/1745/1745 1793/1793/1793 1308/1308/1308
f 1060/1060/1060 259/259/259 817/817/817
f 1793/1793/1793 1746/1746/1746 423/423/423
f 66/66/66 1597/1597/1597 890/890/890
f 1635/1635/1635 1677/1677/1677 68/68/68
f 762/762/762 1275/1275/1275 1767/1767/1767
f 1718/1718/1718 1686/1686/1686 684/684/684
f 1050/1050/1050 82/82/82 788/788/788
f 1312/1312/1312 1355/1355/1355 425/425/425
f 755/755/755 1355/1355/1355 225/225/225
f 1355/1355/1355 35/35/35 425/425/425
f 1712/1712/1712 1750/1750/1750 64/64/64
f 226/226/226 426/426/426 1349/1349/1349
f 1352/1352/1352 992/992/992 245/245/245
f 1790/1790/1790 1752/1752/1752 426/426/426
f 1353/1353/1353 1752/1752/1752 74/74/74
f 467/467/467 856/856/856 495/495/495
f 942/942/942 141/141/141 581/581/581
f 808/808/808 757/757/757 1788/1788/1788
f 210/210/210 1754/1754/1754 720/720/720
f 811/811/811 1419/1419/1419 1058/1058/1058
f 1047/1047/1047 428/428/428 228/228/228
f 1794/1794/1794 230/230/230 428/428/428
f 212/212/212 724/724/724 1723/1723/1723
f 1058/1058/1058 257/257/257 813/813/813
f 1363/1363/1363 1246/1246/1246 229/229/229
f 1246/1246/1246 1758/1758/1758 1320/1320/1320
f 510/510/510 834/834/834 88/88/88
f 877/877/877 834/834/834 812/812/812
f 806/806/806 877/877/877 256/256/256
f 1075/1075/1075 877/877/877 812/812/812
f 453/453/453 1594/1594/1594 78/78/78
f 848/848/848 1594/1594/1594 1411/1411/1411
f 1367/1367/1367 1202/1202/1202 231/231/231
f 1202/1202/1202 1762/1762/1762 1324/1324/1324
f 1409/1409/1409 837/837/837 256/256/256
f 806/806/806 837/837/837 1411/1411/1411
f 1407/1407/1407 1199/1199/1199 873/873/873
f 847/847/847 807/807/807 1056/1056/1056
f 1275/1275/1275 1634/1634/1634 873/873/873
f 1769/1769/1769 30/30/30 580/580/580
f 55/55/55 467/467/467 1452/1452/1452
f 1594/1594/1594 848/848/848 78/78/78
f 1728/1728/1728 433/433/433 68/68/68
f 1155/1155/1155 848/848/848 809/809/809
f 1675/1675/1675 1769/1769/1769 959/959/959
f 453/453/453 1768/1768/1768 1767/1767/1767
f 1233/1233/1233 1768/1768/1768 78/78/78
f 1153/1153/1153 1595/1595/1595 1332/1332/1332
f 1056/1056/1056 851/851/851 809/809/809
f 1595/1595/1595 736/736/736 435/435/435
f 1447/1447/1447 870/870/870 517/517/517
f 1166/1166/1166 1771/1771/1771 770/770/770
f 1055/1055/1055 1771/1771/1771 236/236/236
f 802/802/802 910/910/910 841/841/841
f 1772/1772/1772 483/483/483 1057/1057/1057
f 1773/1773/1773 1071/1071/1071 1336/1336/1336
f 473/473/473 910/910/910 870/870/870
f 1071/1071/1071 70/70/70 437/437/437
f 1676/1676/1676 1573/1573/1573 1716/1716/1716
f 1373/1373/1373 770/770/770 438/438/438
f 1681/1681/1681 1174/1174/1174 1177/1177/1177
f 802/802/802 1405/1405/1405 1407/1407/1407
f 1776/1776/1776 733/733/733 1119/1119/1119
f 1777/1777/1777 1520/1520/1520 1340/1340/1340
f 834/834/834 877/877/877 88/88/88
f 1520/1520/1520 61/61/61 439/439/439
f 752/752/752 877/877/877 806/806/806
f 1377/1377/1377 240/240/240 440/440/440
f 805/805/805 881/881/881 1411/1411/1411
f 1411/1411/1411 881/881/881 806/806/806
f 1780/1780/1780 1506/1506/1506 1074/1074/1074
f 1781/1781/1781 1010/1010/1010 1344/1344/1344
f 1199/1199/1199 1407/1407/1407 805/805/805
f 1010/1010/1010 72/72/72 441/441/441
f 1594/1594/1594 805/805/805 1411/1411/1411
f 1381/1381/1381 242/242/242 442/442/442
f 1725/1725/1725 725/725/725 1331/1331/1331
f 1328/1328/1328 1327/1327/1327 725/725/725
f 1784/1784/1784 1145/1145/1145 1050/1050/1050
f 1785/1785/1785 1399/1399/1399 1348/1348/1348
f 252/252/252 804/804/804 1431/1431/1431
f 1399/1399/1399 1786/1786/1786 748/748/748
f 1798/1798/1798 891/891/891 764/764/764
f 1794/1794/1794 1356/1356/1356 760/760/760
f 1684/1684/1684 294/294/294 1580/1580/1580
f 1401/1401/1401 1403/1403/1403 252/252/252
f 553/553/553 1682/1682/1682 1400/1400/1400
f 33/33/33 1352/1352/1352 950/950/950
f 795/795/795 950/950/950 245/245/245
f 1352/1352/1352 33/33/33 445/445/445
f 1752/1752/1752 1790/1790/1790 74/74/74
f 246/246/246 446/446/446 1389/1389/1389
f 1689/1689/1689 1143/1143/1143 940/940/940
f 158/158/158 1792/1792/1792 446/446/446
f 949/949/949 1792/1792/1792 84/84/84
f 86/86/86 1709/1709/1709 8/8/8
f 1331/1331/1331 1680/1680/1680 726/726/726
f 870/870/870 910/910/910 517/517/517
f 230/230/230 1794/1794/1794 760/760/760
f 1433/1433/1433 910/910/910 802/802/802
f 1067/1067/1067 448/448/448 248/248/248
f 118/118/118 250/250/250 448/448/448
f 1401/1401/1401 911/911/911 251/251/251
f 1407/1407/1407 911/911/911 802/802/802
f 1403/1403/1403 891/891/891 249/249/249
f 891/891/891 1798/1798/1798 1360/1360/1360
f 1716/1716/1716 469/469/469 1676/1676/1676
